PITCHER_ID,PITCHER_NAME,TEAM,STRIKEOUTS,WALKS_ALLOWED,HITS_ALLOWED,HOME_RUNS_ALLOWED,EARNED_RUNS,BATTERS_FACED,PITCH_COUNT,INNINGS,K_PER_9,BB_PER_9,HR_PER_9,ERA
694819,Jacob Misiorowski,milwaukee brewers,75,16,29,4,12,202,800,51.0,13.235294117647058,2.823529411764706,0.7058823529411765,2.1176470588235294
650911,Cristopher Sánchez,philadelphia phillies,69,14,57,3,13,236,846,55.333333333333336,11.22289156626506,2.2771084337349397,0.4879518072289156,2.1144578313253013
667755,José Soriano,los angeles angels,65,30,42,7,14,235,965,56.333333333333336,10.384615384615385,4.792899408284024,1.1183431952662721,2.2366863905325443
656302,Dylan Cease,toronto blue jays,65,22,37,3,18,188,808,43.333333333333336,13.5,4.569230769230769,0.6230769230769231,3.738461538461538
668909,Gavin Williams,cleveland guardians,64,23,36,8,19,224,851,56.333333333333336,10.224852071005916,3.6745562130177514,1.2781065088757395,3.0355029585798814
594798,Jacob deGrom,texas rangers,61,10,38,7,15,194,802,48.666666666666664,11.28082191780822,1.8493150684931507,1.2945205479452055,2.7739726027397262
693645,Cam Schlittler,new york yankees,60,11,40,1,10,208,798,53.333333333333336,10.125,1.85625,0.16874999999999998,1.6875
808967,Yoshinobu Yamamoto,los angeles dodgers,58,14,41,6,16,218,877,56.0,9.321428571428571,2.25,0.9642857142857143,2.5714285714285716
657746,Joe Ryan,minnesota twins,58,10,43,5,21,206,834,50.666666666666664,10.302631578947368,1.7763157894736843,0.8881578947368421,3.730263157894737
690997,Nolan McLean,new york mets,58,18,36,4,20,207,834,50.0,10.44,3.24,0.72,3.6
683004,Jack Leiter,texas rangers,58,17,49,7,27,211,836,48.66666666666667,10.726027397260273,3.143835616438356,1.2945205479452053,4.993150684931506
676106,Emerson Hancock,seattle mariners,57,9,41,9,16,201,824,52.666666666666664,9.740506329113925,1.5379746835443038,1.5379746835443038,2.7341772151898733
519242,Chris Sale,atlanta braves,57,12,30,5,11,189,740,49.0,10.46938775510204,2.204081632653061,0.9183673469387755,2.020408163265306
677952,Braxton Ashcraft,pittsburgh pirates,56,14,36,4,16,187,684,47.666666666666664,10.573426573426573,2.6433566433566433,0.7552447552447553,3.0209790209790213
666200,Jesús Luzardo,philadelphia phillies,56,11,48,4,25,195,767,46.666666666666664,10.8,2.1214285714285714,0.7714285714285715,4.821428571428572
695505,Chase Burns,cincinnati reds,55,13,32,6,11,181,718,47.0,10.53191489361702,2.4893617021276597,1.148936170212766,2.106382978723404
701542,Will Warren,new york yankees,54,12,44,4,13,201,784,48.666666666666664,9.986301369863014,2.219178082191781,0.7397260273972603,2.404109589041096
660271,Shohei Ohtani,los angeles dodgers,53,15,24,2,5,187,749,48.0,9.9375,2.8125,0.375,0.9375
671737,Taj Bradley,minnesota twins,52,17,39,5,15,199,804,47.0,9.957446808510639,3.25531914893617,0.9574468085106383,2.872340425531915
672282,Reid Detmers,los angeles angels,52,11,45,3,27,195,760,45.666666666666664,10.248175182481752,2.167883211678832,0.5912408759124088,5.321167883211679
677960,Ryan Weathers,new york yankees,52,10,43,8,18,181,721,44.0,10.636363636363637,2.0454545454545454,1.6363636363636365,3.6818181818181817
694738,Landen Roupp,san francisco giants,50,21,41,1,23,205,847,49.666666666666664,9.060402684563758,3.8053691275167787,0.18120805369127518,4.167785234899329
800048,Parker Messick,cleveland guardians,50,13,32,5,13,177,702,46.333333333333336,9.712230215827338,2.5251798561151078,0.9712230215827338,2.5251798561151078
608379,Michael Wacha,kansas city royals,49,21,46,5,22,225,827,55.333333333333336,7.969879518072289,3.4156626506024095,0.8132530120481928,3.578313253012048
669302,Logan Gilbert,seattle mariners,49,12,52,8,21,209,823,50.0,8.82,2.16,1.44,3.78
592332,Kevin Gausman,toronto blue jays,48,11,43,5,18,207,815,51.666666666666664,8.361290322580645,1.9161290322580646,0.8709677419354839,3.135483870967742
650633,Michael King,san diego padres,48,20,31,3,13,183,746,46.666666666666664,9.257142857142858,3.857142857142857,0.5785714285714286,2.507142857142857
691587,Eury Pérez,miami marlins,48,16,37,6,18,173,695,40.333333333333336,10.710743801652892,3.570247933884297,1.3388429752066116,4.016528925619834
592662,Robbie Ray,san francisco giants,47,18,44,9,23,202,860,48.0,8.8125,3.375,1.6875,4.3125
607192,Tyler Glasnow,los angeles dodgers,47,13,19,4,11,144,580,38.666666666666664,10.939655172413794,3.0258620689655173,0.9310344827586208,2.560344827586207
669022,MacKenzie Gore,texas rangers,47,20,32,5,20,159,672,35.666666666666664,11.859813084112151,5.046728971962617,1.2616822429906542,5.046728971962617
676440,Tanner Bibee,cleveland guardians,46,18,52,7,24,224,887,53.333333333333336,7.762499999999999,3.0374999999999996,1.18125,4.05
693821,Bryce Elder,atlanta braves,46,17,43,3,16,215,759,52.333333333333336,7.910828025477707,2.9235668789808917,0.5159235668789809,2.751592356687898
676974,Max Meyer,miami marlins,46,15,28,2,11,176,687,43.0,9.627906976744185,3.13953488372093,0.4186046511627907,2.302325581395349
676917,Cade Cavalli,washington nationals,46,20,47,1,18,188,740,39.666666666666664,10.436974789915967,4.53781512605042,0.22689075630252103,4.084033613445379
690986,Kyle Harrison,milwaukee brewers,46,10,25,2,7,143,613,36.666666666666664,11.290909090909091,2.4545454545454546,0.49090909090909096,1.7181818181818183
624133,Ranger Suarez,boston red sox,45,15,39,3,17,192,748,48.33333333333333,8.379310344827587,2.7931034482758625,0.5586206896551724,3.1655172413793107
680694,Kyle Bradish,baltimore orioles,45,27,50,6,23,207,834,46.333333333333336,8.741007194244604,5.244604316546762,1.1654676258992804,4.467625899280575
684007,Shota Imanaga,chicago cubs,45,13,34,5,20,183,724,45.666666666666664,8.868613138686133,2.562043795620438,0.9854014598540146,3.9416058394160585
669373,Tarik Skubal,detroit tigers,45,6,35,2,13,166,626,43.333333333333336,9.346153846153845,1.2461538461538462,0.41538461538461535,2.6999999999999997
605400,Aaron Nola,philadelphia phillies,45,13,49,6,25,184,717,42.333333333333336,9.566929133858267,2.763779527559055,1.2755905511811023,5.314960629921259
663623,Jake Irvin,washington nationals,45,16,35,5,20,172,691,38.666666666666664,10.474137931034484,3.724137931034483,1.163793103448276,4.655172413793104
681347,Mike Burrows,houston astros,44,17,60,11,31,223,815,50.666666666666664,7.815789473684211,3.0197368421052633,1.9539473684210527,5.506578947368421
680732,Sean Burke,chicago white sox,43,13,39,3,15,199,801,49.666666666666664,7.791946308724833,2.3557046979865772,0.5436241610738255,2.7181208053691277
813349,Connelly Early,boston red sox,43,21,40,7,18,206,806,49.0,7.8979591836734695,3.857142857142857,1.2857142857142858,3.306122448979592
663436,Davis Martin,chicago white sox,43,8,37,2,8,169,628,44.0,8.795454545454545,1.6363636363636365,0.4090909090909091,1.6363636363636365
622663,Luis Severino,athletics,43,25,39,5,20,186,768,43.333333333333336,8.930769230769231,5.192307692307692,1.0384615384615383,4.153846153846153
607625,Seth Lugo,kansas city royals,42,15,45,2,15,199,750,49.666666666666664,7.610738255033557,2.7181208053691277,0.36241610738255037,2.7181208053691277
605488,Jeffrey Springs,athletics,42,13,36,7,19,181,696,43.666666666666664,8.656488549618322,2.6793893129770994,1.4427480916030535,3.9160305343511452
663460,Kris Bubic,kansas city royals,42,19,27,3,15,163,631,40.666666666666664,9.295081967213115,4.204918032786885,0.6639344262295083,3.319672131147541
642547,Freddy Peralta,new york mets,42,16,30,4,15,164,651,38.333333333333336,9.86086956521739,3.7565217391304344,0.9391304347826086,3.5217391304347823
801403,Chase Dollander,colorado rockies,42,12,31,4,14,156,626,37.33333333333333,10.125000000000002,2.8928571428571432,0.9642857142857144,3.3750000000000004
645261,Sandy Alcantara,miami marlins,41,18,56,5,27,244,871,58.666666666666664,6.2897727272727275,2.7613636363636367,0.7670454545454546,4.142045454545455
686218,Emmet Sheehan,los angeles dodgers,41,10,40,10,24,172,692,41.333333333333336,8.92741935483871,2.1774193548387095,2.1774193548387095,5.225806451612903
669387,Carmen Mlodzinski,pittsburgh pirates,41,14,42,1,18,173,701,39.0,9.461538461538462,3.230769230769231,0.23076923076923078,4.153846153846154
663554,Casey Mize,detroit tigers,41,12,28,2,10,142,531,35.0,10.542857142857143,3.085714285714286,0.5142857142857142,2.5714285714285716
666142,Cole Ragans,kansas city royals,41,21,26,10,19,138,581,32.333333333333336,11.412371134020617,5.845360824742268,2.783505154639175,5.288659793814433
592791,Jameson Taillon,chicago cubs,40,16,37,13,23,185,725,45.333333333333336,7.941176470588235,3.176470588235294,2.580882352941176,4.566176470588235
641816,Tyler Mahle,san francisco giants,40,18,45,7,26,181,698,41.0,8.78048780487805,3.951219512195122,1.5365853658536586,5.7073170731707314
669923,George Kirby,seattle mariners,39,12,45,4,17,204,730,52.0,6.75,2.076923076923077,0.6923076923076923,2.9423076923076925
608331,Max Fried,new york yankees,39,14,30,1,14,178,676,46.333333333333336,7.575539568345324,2.7194244604316546,0.19424460431654675,2.7194244604316546
669358,Shane Baz,baltimore orioles,39,19,46,5,22,198,760,45.666666666666664,7.686131386861314,3.7445255474452557,0.9854014598540146,4.335766423357664
665795,Edward Cabrera,chicago cubs,39,16,43,5,16,187,698,44.333333333333336,7.917293233082706,3.2481203007518795,1.0150375939849623,3.2481203007518795
543135,Nathan Eovaldi,texas rangers,39,10,43,9,21,173,628,39.666666666666664,8.84873949579832,2.26890756302521,2.0420168067226894,4.764705882352941
663556,Shane McClanahan,tampa bay rays,39,15,31,2,15,163,640,39.0,9.0,3.4615384615384617,0.46153846153846156,3.4615384615384617
647336,Michael Soroka,arizona diamondbacks,39,9,39,3,18,158,630,36.666666666666664,9.572727272727274,2.2090909090909094,0.7363636363636364,4.418181818181819
694973,Paul Skenes,pittsburgh pirates,39,7,22,4,12,133,548,34.0,10.323529411764707,1.8529411764705883,1.0588235294117647,3.176470588235294
686799,Jack Kochanowicz,los angeles angels,38,29,37,3,20,216,822,49.666666666666664,6.885906040268456,5.25503355704698,0.5436241610738255,3.6241610738255035
664285,Framber Valdez,detroit tigers,38,19,50,5,26,218,783,48.333333333333336,7.075862068965517,3.5379310344827584,0.9310344827586207,4.841379310344827
656492,Foster Griffin,washington nationals,38,14,37,7,15,187,735,44.666666666666664,7.656716417910448,2.82089552238806,1.41044776119403,3.0223880597014925
622491,Luis Castillo,seattle mariners,38,17,46,4,27,191,786,41.666666666666664,8.208,3.672,0.8640000000000001,5.832000000000001
656849,David Peterson,new york mets,38,15,42,2,24,174,610,38.33333333333333,8.921739130434784,3.521739130434783,0.4695652173913044,5.6347826086956525
676879,Aaron Ashby,milwaukee brewers,38,15,22,1,8,106,427,23.666666666666664,14.450704225352114,5.704225352112677,0.3802816901408451,3.042253521126761
693433,Bryan Woo,seattle mariners,37,8,41,6,21,188,657,47.0,7.085106382978723,1.5319148936170213,1.148936170212766,4.0212765957446805
656876,Drew Rasmussen,tampa bay rays,37,6,27,6,12,147,576,36.666666666666664,9.081818181818182,1.4727272727272729,1.4727272727272729,2.9454545454545458
676979,Garrett Crochet,boston red sox,37,11,33,5,21,138,518,30.0,11.1,3.3,1.5,6.3
669461,Matthew Liberatore,st. louis cardinals,36,16,51,8,22,201,755,46.0,7.043478260869565,3.130434782608696,1.565217391304348,4.304347826086956
681190,Randy Vásquez,san diego padres,36,16,39,5,17,182,703,43.666666666666664,7.419847328244275,3.2977099236641223,1.0305343511450382,3.50381679389313
696149,Bubba Chandler,pittsburgh pirates,36,28,33,5,22,176,691,39.0,8.307692307692308,6.461538461538462,1.1538461538461537,5.076923076923077
676282,Joey Cantillo,cleveland guardians,36,16,32,5,16,145,590,34.333333333333336,9.436893203883495,4.194174757281553,1.3106796116504853,4.194174757281553
671096,Andrew Abbott,cincinnati reds,35,23,55,8,26,228,900,51.666666666666664,6.096774193548387,4.006451612903226,1.3935483870967742,4.529032258064516
571927,Steven Matz,tampa bay rays,35,17,38,7,23,184,730,44.333333333333336,7.105263157894736,3.451127819548872,1.4210526315789473,4.669172932330826
657277,Logan Webb,san francisco giants,35,14,43,4,22,182,645,43.0,7.325581395348837,2.9302325581395348,0.8372093023255814,4.604651162790698
656605,Mitch Keller,pittsburgh pirates,34,13,35,2,17,185,699,46.666666666666664,6.557142857142858,2.507142857142857,0.38571428571428573,3.278571428571429
691725,Andrew Painter,philadelphia phillies,34,12,47,5,23,173,682,38.333333333333336,7.982608695652173,2.817391304347826,1.1739130434782608,5.3999999999999995
669372,J.T. Ginn,athletics,33,15,25,5,16,151,581,37.33333333333333,7.955357142857144,3.616071428571429,1.205357142857143,3.8571428571428577
621121,Lance McCullers Jr.,houston astros,33,17,26,4,22,133,536,31.333333333333332,9.47872340425532,4.882978723404255,1.148936170212766,6.319148936170213
579328,Yusei Kikuchi,los angeles angels,33,14,35,3,20,142,567,31.0,9.580645161290322,4.064516129032258,0.8709677419354839,5.806451612903226
686973,Louis Varland,toronto blue jays,33,5,17,0,2,79,348,20.666666666666668,14.370967741935482,2.1774193548387095,0.0,0.8709677419354839
695243,Mason Miller,san diego padres,33,6,7,0,2,66,274,18.0,16.5,3.0,0.0,1.0
593958,Eduardo Rodriguez,arizona diamondbacks,32,20,37,4,12,193,751,45.666666666666664,6.306569343065694,3.9416058394160585,0.7883211678832117,2.3649635036496353
677944,Slade Cecconi,cleveland guardians,32,15,48,9,28,190,699,43.0,6.6976744186046515,3.13953488372093,1.8837209302325582,5.8604651162790695
702070,Noah Cameron,kansas city royals,32,12,44,5,21,164,599,36.666666666666664,7.854545454545455,2.9454545454545458,1.2272727272727273,5.154545454545455
607536,Kyle Freeland,colorado rockies,32,11,40,7,22,161,607,35.333333333333336,8.150943396226415,2.80188679245283,1.7830188679245282,5.60377358490566
656546,Jeff Hoffman,toronto blue jays,32,7,24,2,10,87,344,18.666666666666668,15.428571428571427,3.375,0.9642857142857142,4.821428571428571
605280,Clay Holmes,new york mets,31,14,28,3,8,168,630,42.666666666666664,6.5390625,2.953125,0.6328125,1.6875
669194,Ryne Nelson,arizona diamondbacks,31,15,40,9,26,174,636,38.333333333333336,7.278260869565217,3.5217391304347823,2.1130434782608694,6.104347826086956
677958,Kumar Rocker,texas rangers,31,13,34,3,15,155,578,36.333333333333336,7.678899082568807,3.2201834862385317,0.7431192660550459,3.715596330275229
621111,Walker Buehler,san diego padres,31,12,37,2,21,155,603,35.666666666666664,7.822429906542056,3.0280373831775704,0.5046728971962617,5.299065420560748
623454,Drew Anderson,detroit tigers,31,11,21,3,12,111,433,26.666666666666668,10.4625,3.7125,1.0125,4.05
571510,Matthew Boyd,chicago cubs,31,6,25,2,16,100,430,24.0,11.625,2.25,0.75,6.0
672456,Keider Montero,detroit tigers,30,11,31,4,16,174,635,44.666666666666664,6.044776119402985,2.2164179104477615,0.8059701492537313,3.2238805970149254
676083,Janson Junk,miami marlins,30,8,40,5,20,178,668,43.33333333333333,6.230769230769232,1.6615384615384616,1.0384615384615385,4.153846153846154
669160,Dustin May,st. louis cardinals,30,7,42,1,15,162,601,40.333333333333336,6.694214876033057,1.56198347107438,0.22314049586776857,3.3471074380165287
669432,Trevor Rogers,baltimore orioles,30,12,42,3,23,155,624,34.0,7.9411764705882355,3.176470588235294,0.7941176470588235,6.088235294117647
607067,Colin Rea,chicago cubs,30,9,34,3,16,142,551,32.66666666666667,8.265306122448978,2.4795918367346936,0.8265306122448979,4.408163265306122
687075,Brandon Sproat,milwaukee brewers,30,18,31,8,23,136,532,31.333333333333332,8.617021276595745,5.170212765957447,2.297872340425532,6.6063829787234045
676962,Ben Brown,chicago cubs,30,10,25,1,9,126,483,30.666666666666668,8.804347826086957,2.934782608695652,0.2934782608695652,2.641304347826087
680802,Ryan Weiss,houston astros,30,20,35,8,22,131,530,26.0,10.384615384615385,6.923076923076923,2.769230769230769,7.615384615384615
650644,Aaron Civale,athletics,29,12,44,7,17,179,679,41.666666666666664,6.264,2.592,1.512,3.672
641927,Bailey Ober,minnesota twins,29,13,30,4,15,157,605,38.0,6.868421052631579,3.0789473684210527,0.9473684210526315,3.5526315789473686
656550,Grant Holmes,atlanta braves,29,17,32,6,18,160,576,37.333333333333336,6.991071428571428,4.098214285714286,1.4464285714285714,4.339285714285714
527048,Martín Pérez,atlanta braves,29,12,23,4,11,135,523,33.333333333333336,7.829999999999999,3.2399999999999998,1.0799999999999998,2.9699999999999998
662253,Andrés Muñoz,seattle mariners,29,7,16,3,9,76,305,17.666666666666668,14.773584905660377,3.5660377358490565,1.5283018867924527,4.584905660377358
607259,Nick Martinez,tampa bay rays,28,10,33,3,8,168,588,42.0,6.0,2.142857142857143,0.6428571428571429,1.7142857142857142
682052,Jacob Lopez,athletics,28,27,46,7,33,180,710,35.666666666666664,7.065420560747664,6.813084112149533,1.766355140186916,8.327102803738319
691799,Grant Taylor,chicago white sox,28,6,17,0,5,76,320,17.666666666666664,14.264150943396228,3.056603773584906,0.0,2.5471698113207553
681517,Kyle Leahy,st. louis cardinals,27,13,44,6,19,159,595,34.666666666666664,7.009615384615385,3.3750000000000004,1.5576923076923077,4.932692307692308
663978,Chris Paddack,miami marlins,27,10,41,6,26,146,585,30.666666666666668,7.923913043478261,2.934782608695652,1.7608695652173911,7.630434782608695
640455,Sean Manaea,new york mets,27,11,27,4,17,119,483,27.0,9.0,3.6666666666666665,1.3333333333333333,5.666666666666667
681870,Erik Sabrowski,cleveland guardians,27,9,7,1,4,64,273,16.0,15.1875,5.0625,0.5625,2.25
700241,Michael McGreevy,st. louis cardinals,26,11,43,6,16,196,793,50.333333333333336,4.6490066225165565,1.9668874172185429,1.0728476821192052,2.8609271523178808
695076,Rhett Lowder,cincinnati reds,26,14,35,1,20,153,592,35.333333333333336,6.6226415094339615,3.5660377358490565,0.25471698113207547,5.094339622641509
669467,Andre Pallante,st. louis cardinals,26,14,28,4,14,138,539,31.333333333333332,7.468085106382979,4.021276595744681,1.148936170212766,4.021276595744681
808963,Roki Sasaki,los angeles dodgers,26,15,33,8,19,134,543,28.666666666666668,8.162790697674419,4.709302325581395,2.511627906976744,5.965116279069767
702273,Noah Schultz,chicago white sox,26,12,15,2,9,108,427,26.666666666666664,8.775,4.050000000000001,0.675,3.0375
656427,Jack Flaherty,detroit tigers,26,21,24,5,14,119,507,25.0,9.36,7.56,1.8,5.04
666171,Ryan Zeferjahn,los angeles angels,26,14,13,0,12,96,403,21.333333333333332,10.96875,5.90625,0.0,5.0625
642397,Gregory Soto,pittsburgh pirates,26,6,6,1,3,66,276,18.0,13.0,3.0,0.5,1.5
641793,Zack Littell,washington nationals,25,14,50,14,30,194,658,43.333333333333336,5.192307692307692,2.9076923076923076,2.9076923076923076,6.230769230769231
608372,Tomoyuki Sugano,colorado rockies,25,12,37,8,17,171,658,41.666666666666664,5.4,2.592,1.7280000000000002,3.672
668678,Zac Gallen,arizona diamondbacks,25,11,43,3,18,164,656,38.333333333333336,5.869565217391304,2.5826086956521737,0.7043478260869565,4.226086956521739
694477,Chad Patrick,milwaukee brewers,25,17,34,2,13,155,612,36.666666666666664,6.136363636363637,4.172727272727273,0.49090909090909096,3.190909090909091
641743,Anthony Kay,chicago white sox,25,18,36,6,20,165,696,35.333333333333336,6.367924528301886,4.584905660377358,1.5283018867924527,5.094339622641509
605540,Brandon Woodruff,milwaukee brewers,25,7,23,4,10,121,415,30.0,7.5,2.1,1.2,3.0
625643,Reynaldo López,atlanta braves,25,12,22,4,9,110,432,25.666666666666668,8.766233766233766,4.207792207792208,1.4025974025974026,3.155844155844156
670990,Yohan Ramírez,pittsburgh pirates,25,12,21,2,14,106,386,23.333333333333332,9.642857142857144,4.628571428571429,0.7714285714285715,5.4
643377,Griffin Jax,tampa bay rays,25,11,22,7,15,99,397,23.0,9.782608695652174,4.304347826086956,2.739130434782609,5.869565217391305
663558,Jovani Morán,boston red sox,25,13,13,3,7,96,370,23.0,9.782608695652174,5.086956521739131,1.173913043478261,2.739130434782609
681293,Spencer Arrighetti,houston astros,25,14,15,1,5,101,379,23.0,9.782608695652174,5.478260869565218,0.391304347826087,1.9565217391304348
675848,Juan Mejia,colorado rockies,25,8,25,2,13,90,379,19.666666666666664,11.440677966101696,3.661016949152543,0.9152542372881357,5.949152542372882
669276,Dylan Lee,atlanta braves,25,2,8,0,2,67,275,19.0,11.842105263157896,0.9473684210526315,0.0,0.9473684210526315
607200,Erick Fedde,chicago white sox,24,13,30,8,16,155,595,38.0,5.684210526315789,3.0789473684210527,1.894736842105263,3.789473684210526
547179,Michael Lorenzen,colorado rockies,24,9,50,6,23,164,615,34.0,6.352941176470588,2.3823529411764706,1.588235294117647,6.088235294117647
678394,Brayan Bello,boston red sox,24,16,47,8,27,158,598,32.66666666666667,6.612244897959183,4.408163265306122,2.204081632653061,7.4387755102040805
663969,Tyler Phillips,miami marlins,24,13,19,1,3,105,411,24.333333333333332,8.876712328767123,4.808219178082192,0.36986301369863017,1.1095890410958904
685299,Tanner Gordon,colorado rockies,24,6,34,6,21,109,391,23.333333333333332,9.257142857142858,2.3142857142857145,2.3142857142857145,8.1
696147,Sam Bachman,los angeles angels,24,10,13,2,7,87,325,22.333333333333332,9.671641791044777,4.029850746268657,0.8059701492537313,2.82089552238806
671922,Cade Smith,cleveland guardians,24,4,21,1,7,79,351,18.333333333333332,11.781818181818183,1.9636363636363638,0.49090909090909096,3.4363636363636365
666661,Juan Morillo,arizona diamondbacks,24,5,10,1,4,69,282,17.666666666666664,12.226415094339623,2.5471698113207553,0.509433962264151,2.037735849056604
601713,Nick Pivetta,san diego padres,24,6,12,0,8,66,283,16.0,13.5,3.375,0.0,4.5
571578,Patrick Corbin,toronto blue jays,23,10,30,4,13,122,471,28.666666666666668,7.220930232558139,3.13953488372093,1.255813953488372,4.0813953488372094
608718,Brent Suter,los angeles angels,23,8,24,3,10,104,426,26.0,7.961538461538462,2.769230769230769,1.0384615384615385,3.4615384615384617
663567,Peter Lambert,houston astros,23,11,15,0,6,93,381,22.333333333333332,9.268656716417912,4.432835820895523,0.0,2.4179104477611943
690953,Mick Abel,minnesota twins,23,10,22,0,9,93,357,20.333333333333336,10.180327868852459,4.4262295081967205,0.0,3.9836065573770485
669084,DL Hall,milwaukee brewers,23,15,10,1,3,83,361,20.0,10.35,6.75,0.45,1.35
673540,Kodai Senga,new york mets,23,13,26,5,20,97,367,20.0,10.35,5.85,2.25,9.0
837227,Tatsuya Imai,houston astros,23,13,15,3,12,85,389,19.333333333333332,10.706896551724139,6.051724137931035,1.396551724137931,5.586206896551724
656638,Alex Lange,kansas city royals,23,10,19,2,11,82,340,18.333333333333332,11.290909090909091,4.909090909090909,0.9818181818181819,5.4
656464,Kevin Ginkel,arizona diamondbacks,23,5,15,1,6,71,288,17.666666666666668,11.716981132075471,2.5471698113207544,0.5094339622641509,3.0566037735849054
801139,Payton Tolle,boston red sox,23,6,7,1,4,67,244,17.666666666666668,11.716981132075471,3.0566037735849054,0.5094339622641509,2.0377358490566038
518585,Fernando Cruz,new york yankees,23,11,13,2,5,75,314,17.0,12.176470588235293,5.823529411764706,1.0588235294117647,2.6470588235294117
642207,Devin Williams,new york mets,23,9,15,1,8,62,270,13.0,15.923076923076923,6.230769230769231,0.6923076923076923,5.538461538461538
641778,Eric Lauer,toronto blue jays,22,14,33,8,21,141,522,31.333333333333332,6.319148936170213,4.021276595744681,2.297872340425532,6.031914893617022
694297,Brandon Pfaadt,arizona diamondbacks,22,14,28,5,19,131,481,30.333333333333332,6.527472527472527,4.153846153846154,1.4835164835164836,5.637362637362638
543243,Sonny Gray,boston red sox,22,6,30,3,12,123,470,29.0,6.827586206896552,1.8620689655172413,0.9310344827586207,3.7241379310344827
805123,AJ Blubaugh,houston astros,22,14,18,4,13,107,438,25.0,7.92,5.04,1.44,4.68
678906,Kai-Wei Teng,houston astros,22,7,15,3,6,89,353,23.0,8.608695652173912,2.739130434782609,1.173913043478261,2.347826086956522
656794,Sean Newcomb,chicago white sox,22,8,22,1,10,94,356,22.0,9.0,3.272727272727273,0.4090909090909091,4.090909090909091
656641,Jacob Latz,texas rangers,22,3,7,1,2,76,329,21.666666666666668,9.138461538461538,1.2461538461538462,0.41538461538461535,0.8307692307692307
669199,Lake Bachar,miami marlins,22,7,11,2,6,80,329,20.333333333333332,9.737704918032787,3.098360655737705,0.8852459016393444,2.655737704918033
670970,Adrian Morejon,san diego padres,22,5,23,2,12,89,354,20.333333333333332,9.737704918032787,2.2131147540983607,0.8852459016393444,5.311475409836066
683175,Connor Phillips,cincinnati reds,22,20,11,1,7,92,387,20.0,9.9,9.0,0.45,3.15
663542,Bryan Hudson,chicago white sox,22,8,16,0,2,80,342,19.333333333333332,10.241379310344827,3.724137931034483,0.0,0.9310344827586208
682254,Mason Montgomery,pittsburgh pirates,22,7,13,2,7,60,239,13.333333333333332,14.850000000000001,4.7250000000000005,1.35,4.7250000000000005
622608,Antonio Senzatela,colorado rockies,21,8,18,1,4,102,364,27.0,7.0,2.6666666666666665,0.3333333333333333,1.3333333333333333
669947,Jesse Scholtens,tampa bay rays,21,7,25,4,10,113,412,26.666666666666668,7.0874999999999995,2.3625,1.3499999999999999,3.375
675660,Shane Drohan,milwaukee brewers,21,8,22,1,8,99,364,23.333333333333332,8.1,3.085714285714286,0.38571428571428573,3.085714285714286
663687,Hogan Harris,athletics,21,18,17,2,8,99,404,20.666666666666668,9.14516129032258,7.838709677419354,0.8709677419354839,3.4838709677419355
668933,Graham Ashcraft,cincinnati reds,21,12,13,1,4,82,320,20.333333333333332,9.295081967213115,5.311475409836066,0.4426229508196722,1.7704918032786887
668873,Caleb Kilian,san francisco giants,21,9,10,2,4,77,281,19.333333333333332,9.775862068965518,4.189655172413794,0.9310344827586208,1.8620689655172415
687396,Brent Headrick,new york yankees,21,5,17,0,3,77,290,18.666666666666664,10.125000000000002,2.410714285714286,0.0,1.4464285714285716
656271,Brock Burke,cincinnati reds,21,8,18,1,8,81,314,18.333333333333332,10.30909090909091,3.9272727272727277,0.49090909090909096,3.9272727272727277
664875,Justin Lawrence,pittsburgh pirates,21,7,14,4,9,78,293,17.666666666666664,10.698113207547172,3.566037735849057,2.037735849056604,4.584905660377359
670280,David Bednar,new york yankees,21,8,20,0,7,82,354,17.333333333333332,10.903846153846155,4.153846153846154,0.0,3.634615384615385
592773,Ryne Stanek,st. louis cardinals,21,14,19,1,12,82,367,16.333333333333332,11.571428571428573,7.714285714285714,0.5510204081632654,6.612244897959184
660761,José Suarez,atlanta braves,21,12,22,0,12,79,328,16.333333333333332,11.571428571428573,6.612244897959184,0.0,6.612244897959184
676534,Calvin Faucher,miami marlins,21,18,14,0,12,78,313,15.333333333333334,12.326086956521738,10.565217391304348,0.0,7.0434782608695645
689254,Mason Fluharty,toronto blue jays,21,7,17,1,9,69,278,15.333333333333332,12.32608695652174,4.108695652173913,0.5869565217391305,5.282608695652175
663903,Brady Singer,cincinnati reds,20,9,47,7,20,153,563,32.333333333333336,5.56701030927835,2.5051546391752577,1.9484536082474226,5.56701030927835
605135,Chris Bassitt,baltimore orioles,20,17,44,3,21,156,609,32.0,5.625,4.78125,0.84375,5.90625
571945,Miles Mikolas,washington nationals,20,11,41,8,25,144,539,31.0,5.806451612903226,3.193548387096774,2.3225806451612905,7.258064516129032
518876,Merrill Kelly,arizona diamondbacks,20,17,45,9,26,151,565,30.333333333333332,5.934065934065934,5.043956043956044,2.6703296703296706,7.714285714285714
641835,Tim Mayza,philadelphia phillies,20,7,15,2,9,82,322,19.333333333333332,9.310344827586208,3.2586206896551726,0.9310344827586208,4.189655172413794
689296,Anthony Nunez,baltimore orioles,20,6,20,4,14,84,305,19.0,9.473684210526315,2.8421052631578947,1.894736842105263,6.631578947368421
693855,Ian Seymour,tampa bay rays,20,7,17,1,10,80,304,19.0,9.473684210526315,3.3157894736842106,0.47368421052631576,4.7368421052631575
687570,Connor Prielipp,minnesota twins,20,8,16,2,12,79,350,18.333333333333332,9.818181818181818,3.9272727272727277,0.9818181818181819,5.8909090909090915
686993,Justin Sterner,athletics,20,6,20,3,9,80,310,18.0,10.0,3.0,1.5,4.5
667297,Tommy Nance,toronto blue jays,20,6,13,1,8,67,239,16.333333333333332,11.020408163265307,3.306122448979592,0.5510204081632654,4.408163265306123
669711,Greg Weissert,boston red sox,20,4,19,4,8,71,278,16.0,11.25,2.25,2.25,4.5
650556,Bryan Abreu,houston astros,20,16,13,4,13,67,273,12.666666666666666,14.210526315789474,11.368421052631579,2.8421052631578947,9.236842105263158
664991,Grant Wolfram,baltimore orioles,20,1,17,0,6,58,215,12.333333333333332,14.594594594594597,0.7297297297297298,0.0,4.378378378378379
608566,Germán Márquez,san diego padres,19,12,31,8,19,128,501,29.666666666666668,5.764044943820225,3.640449438202247,2.426966292134831,5.764044943820225
682227,Brandon Williamson,cincinnati reds,19,20,26,4,19,128,518,28.0,6.107142857142857,6.428571428571429,1.2857142857142858,6.107142857142857
695418,Brad Lord,washington nationals,19,6,25,4,11,112,448,26.666666666666668,6.4125,2.025,1.3499999999999999,3.7125
680755,Braydon Fisher,toronto blue jays,19,7,15,1,6,76,307,20.0,8.55,3.15,0.45,2.7
688642,Zach Agnos,colorado rockies,19,10,29,3,20,97,369,19.666666666666668,8.694915254237287,4.576271186440677,1.3728813559322033,9.152542372881355
665622,Luis Medina,athletics,19,8,13,2,6,77,312,18.666666666666668,9.160714285714285,3.8571428571428568,0.9642857142857142,2.892857142857143
676617,Riley O'Brien,st. louis cardinals,19,2,17,0,6,74,279,18.0,9.5,1.0,0.0,3.0
670329,Rico Garcia,baltimore orioles,19,5,4,1,2,62,235,17.666666666666668,9.679245283018867,2.5471698113207544,0.5094339622641509,1.0188679245283019
641755,Tyler Kinley,atlanta braves,19,8,11,2,5,70,286,17.0,10.058823529411764,4.235294117647059,1.0588235294117647,2.6470588235294117
656945,Tanner Scott,los angeles dodgers,19,3,9,2,3,61,236,16.666666666666668,10.26,1.6199999999999999,1.0799999999999998,1.6199999999999999
676263,Jack Dreyer,los angeles dodgers,19,5,13,2,7,66,261,16.333333333333332,10.469387755102042,2.7551020408163267,1.1020408163265307,3.857142857142857
676477,Garrett Whitlock,boston red sox,19,6,14,2,6,69,273,16.333333333333332,10.469387755102042,3.306122448979592,1.1020408163265307,3.306122448979592
657097,Jacob Webb,chicago cubs,19,7,18,3,6,71,299,15.666666666666666,10.914893617021278,4.021276595744681,1.723404255319149,3.446808510638298
677053,Andrew Nardi,miami marlins,19,11,17,4,12,73,277,15.666666666666666,10.914893617021278,6.319148936170213,2.297872340425532,6.893617021276596
680573,Simeon Woods Richardson,minnesota twins,18,15,48,8,25,166,610,35.666666666666664,4.542056074766355,3.7850467289719627,2.018691588785047,6.308411214953272
693686,Spencer Miles,toronto blue jays,18,8,21,3,13,92,360,21.0,7.714285714285714,3.4285714285714284,1.2857142857142858,5.571428571428571
669330,Tyler Wells,baltimore orioles,18,5,22,3,11,87,336,20.333333333333332,7.967213114754099,2.2131147540983607,1.3278688524590165,4.868852459016393
679358,Eric Orze,minnesota twins,18,8,21,0,12,85,332,19.666666666666668,8.23728813559322,3.661016949152542,0.0,5.491525423728813
667463,John King,miami marlins,18,5,5,2,3,69,249,19.333333333333332,8.379310344827587,2.327586206896552,0.9310344827586208,1.396551724137931
663574,Tony Santillan,cincinnati reds,18,10,13,3,6,72,264,17.333333333333332,9.346153846153847,5.1923076923076925,1.5576923076923077,3.1153846153846154
669622,Anthony Bender,miami marlins,18,8,13,1,9,72,280,16.333333333333332,9.918367346938776,4.408163265306123,0.5510204081632654,4.959183673469388
663738,Daniel Lynch IV,kansas city royals,18,5,7,1,3,61,243,15.666666666666666,10.340425531914894,2.872340425531915,0.574468085106383,1.723404255319149
677955,Jaden Hill,colorado rockies,18,11,15,1,8,74,284,15.666666666666666,10.340425531914894,6.319148936170213,0.574468085106383,4.595744680851064
681895,Evan Sisk,pittsburgh pirates,18,7,15,1,4,68,291,15.666666666666666,10.340425531914894,4.021276595744681,0.574468085106383,2.297872340425532
548384,Brooks Raley,new york mets,18,7,11,2,4,65,252,15.333333333333334,10.565217391304348,4.108695652173913,1.1739130434782608,2.3478260869565215
621383,Tanner Banks,philadelphia phillies,18,10,27,1,13,83,325,15.333333333333332,10.56521739130435,5.869565217391305,0.5869565217391305,7.630434782608696
656730,Trevor Megill,milwaukee brewers,18,5,11,0,8,63,246,15.0,10.8,3.0,0.0,4.8
547973,Aroldis Chapman,boston red sox,18,3,9,0,1,55,211,14.666666666666666,11.045454545454547,1.840909090909091,0.0,0.6136363636363636
668964,Tobias Myers,new york mets,17,5,19,2,7,94,332,24.0,6.375,1.875,0.75,2.625
592836,Taijuan Walker,philadelphia phillies,17,11,36,8,23,115,424,22.666666666666668,6.75,4.367647058823529,3.176470588235294,9.13235294117647
702275,JR Ritchie,atlanta braves,17,13,20,4,13,96,362,21.333333333333332,7.171875,5.484375,1.6875,5.484375
663372,Ryan Feltner,colorado rockies,17,8,22,5,14,88,326,20.0,7.65,3.6,2.25,6.3
694361,Will Klein,los angeles dodgers,17,6,15,0,5,74,286,18.333333333333332,8.345454545454546,2.9454545454545458,0.0,2.4545454545454546
596133,Luke Weaver,new york mets,17,4,13,2,8,72,274,18.0,8.5,2.0,1.0,4.0
678022,Jack Perkins,athletics,17,3,12,0,4,70,260,17.666666666666668,8.660377358490566,1.5283018867924527,0.0,2.0377358490566038
679883,Luinder Avila,kansas city royals,17,9,19,2,8,74,315,17.0,9.0,4.764705882352941,1.0588235294117647,4.235294117647059
687911,Bryan King,houston astros,17,6,19,1,7,77,301,17.0,9.0,3.176470588235294,0.5294117647058824,3.7058823529411766
643410,Mark Leiter Jr.,athletics,17,7,20,2,13,77,288,16.666666666666664,9.180000000000001,3.7800000000000007,1.08,7.020000000000001
656848,Michael Petersen,miami marlins,17,10,10,1,6,69,277,16.333333333333332,9.36734693877551,5.510204081632653,0.5510204081632654,3.306122448979592
673929,Jordan Leasure,chicago white sox,17,8,12,5,11,68,277,16.333333333333332,9.36734693877551,4.408163265306123,2.7551020408163267,6.061224489795919
641329,Bryan Baker,tampa bay rays,17,3,10,1,4,60,248,15.666666666666666,9.76595744680851,1.723404255319149,0.574468085106383,2.297872340425532
702056,Trey Yesavage,toronto blue jays,17,3,11,0,1,60,251,15.333333333333332,9.978260869565219,1.7608695652173914,0.0,0.5869565217391305
623149,Paul Sewald,arizona diamondbacks,17,3,6,3,5,53,208,14.666666666666666,10.431818181818182,1.840909090909091,1.840909090909091,3.0681818181818183
668390,Cole Winn,texas rangers,17,6,12,3,8,63,250,14.666666666666666,10.431818181818182,3.681818181818182,1.840909090909091,4.909090909090909
621237,José Alvarado,philadelphia phillies,17,7,23,1,11,74,292,14.333333333333332,10.674418604651164,4.395348837209303,0.627906976744186,6.906976744186047
681911,Alex Vesia,los angeles dodgers,17,6,4,0,2,52,222,14.0,10.928571428571429,3.857142857142857,0.0,1.2857142857142858
622554,Seranthony Domínguez,chicago white sox,17,9,8,3,6,60,257,13.666666666666666,11.195121951219512,5.926829268292683,1.975609756097561,3.951219512195122
669062,Erik Miller,san francisco giants,17,9,8,0,4,52,256,11.666666666666666,13.114285714285716,6.942857142857143,0.0,3.085714285714286
686613,Hunter Brown,houston astros,17,6,5,0,1,43,180,10.666666666666668,14.343749999999998,5.062499999999999,0.0,0.8437499999999999
605288,Adrian Houser,san francisco giants,16,10,43,6,24,143,496,30.333333333333336,4.747252747252747,2.9670329670329667,1.7802197802197801,7.1208791208791204
500779,Jose Quintana,colorado rockies,16,12,29,6,14,130,507,30.0,4.8,3.6,1.8,4.2
670245,Ryan Watson,boston red sox,16,9,26,4,14,104,394,22.666666666666668,6.352941176470588,3.5735294117647056,1.588235294117647,5.5588235294117645
676760,Ron Marinaccio,san diego padres,16,6,25,4,13,94,394,22.666666666666668,6.352941176470588,2.3823529411764706,1.588235294117647,5.161764705882352
642121,Cole Sulser,tampa bay rays,16,8,22,1,8,91,345,20.666666666666668,6.967741935483871,3.4838709677419355,0.43548387096774194,3.4838709677419355
641302,Tyler Alexander,texas rangers,16,5,20,2,5,86,336,20.0,7.2,2.25,0.9,2.25
623211,Huascar Brazobán,new york mets,16,6,14,1,2,78,283,19.666666666666664,7.322033898305086,2.745762711864407,0.45762711864406785,0.9152542372881357
668941,JoJo Romero,st. louis cardinals,16,7,17,3,7,81,338,19.333333333333332,7.448275862068966,3.2586206896551726,1.396551724137931,3.2586206896551726
681867,Cooper Criswell,seattle mariners,16,4,15,3,5,68,266,18.333333333333332,7.854545454545455,1.9636363636363638,1.4727272727272729,2.4545454545454546
670036,Matt Festa,cleveland guardians,16,4,16,3,10,74,257,17.666666666666668,8.150943396226415,2.0377358490566038,1.5283018867924527,5.094339622641509
663765,Jake Woodford,milwaukee brewers,16,3,21,1,8,76,267,17.333333333333332,8.307692307692308,1.5576923076923077,0.5192307692307693,4.153846153846154
666277,George Soriano,st. louis cardinals,16,9,11,1,6,74,296,17.333333333333332,8.307692307692308,4.673076923076923,0.5192307692307693,3.1153846153846154
594580,Sam Moll,cincinnati reds,16,10,9,1,3,73,296,17.0,8.470588235294118,5.294117647058823,0.5294117647058824,1.588235294117647
641745,Brad Keller,philadelphia phillies,16,4,13,3,8,66,269,16.666666666666668,8.639999999999999,2.1599999999999997,1.6199999999999999,4.319999999999999
663158,Robert Suarez,atlanta braves,16,3,12,0,1,63,243,16.666666666666668,8.639999999999999,1.6199999999999999,0.0,0.5399999999999999
694335,Matt Svanson,st. louis cardinals,16,11,26,3,22,85,330,16.0,9.0,6.1875,1.6875,12.375
671212,Joe Boyle,tampa bay rays,16,6,11,1,9,66,263,15.666666666666666,9.191489361702128,3.446808510638298,0.574468085106383,5.170212765957447
676684,Will Vest,detroit tigers,16,6,14,1,10,64,283,14.333333333333332,10.046511627906977,3.7674418604651168,0.627906976744186,6.279069767441861
682842,Abner Uribe,milwaukee brewers,16,3,10,1,5,56,229,14.333333333333332,10.046511627906977,1.8837209302325584,0.627906976744186,3.1395348837209305
573009,Joe Mantiply,toronto blue jays,16,3,14,1,4,57,203,13.666666666666666,10.536585365853659,1.975609756097561,0.6585365853658537,2.6341463414634148
800311,Didier Fuentes,atlanta braves,16,6,10,1,6,57,241,13.333333333333334,10.799999999999999,4.05,0.6749999999999999,4.05
646241,Enmanuel De Jesus,detroit tigers,16,9,20,1,11,67,267,12.666666666666666,11.368421052631579,6.394736842105264,0.7105263157894737,7.815789473684211
665152,Dean Kremer,baltimore orioles,16,2,8,4,5,43,175,11.0,13.090909090909092,1.6363636363636365,3.272727272727273,4.090909090909091
680736,Justin Wrobleski,los angeles dodgers,15,10,26,0,5,143,517,36.0,3.75,2.5,0.0,1.25
640448,Kyle Finnegan,detroit tigers,15,10,13,1,1,78,313,20.0,6.75,4.5,0.45,0.45
605130,Scott Barlow,athletics,15,8,7,2,7,75,277,18.666666666666664,7.232142857142858,3.8571428571428577,0.9642857142857144,3.3750000000000004
663947,Tyler Holton,detroit tigers,15,8,23,2,10,83,331,18.666666666666664,7.232142857142858,3.8571428571428577,0.9642857142857144,4.821428571428572
660825,Eduard Bazardo,seattle mariners,15,7,16,1,3,76,303,18.333333333333332,7.363636363636364,3.4363636363636365,0.49090909090909096,1.4727272727272729
678606,Jose A. Ferrer,seattle mariners,15,3,23,0,4,81,279,18.0,7.5,1.5,0.0,2.0
681982,Grant Anderson,milwaukee brewers,15,6,12,2,6,67,254,18.0,7.5,3.0,1.0,3.0
660853,Enyel De Los Santos,houston astros,15,4,17,1,9,70,268,16.333333333333332,8.26530612244898,2.2040816326530615,0.5510204081632654,4.959183673469388
676775,Keaton Winn,san francisco giants,15,5,7,0,4,56,216,15.666666666666666,8.617021276595745,2.872340425531915,0.0,2.297872340425532
688883,Peyton Pallette,cleveland guardians,15,12,11,1,8,72,330,15.666666666666666,8.617021276595745,6.893617021276596,0.574468085106383,4.595744680851064
656288,Griffin Canning,san diego padres,15,6,13,4,7,60,222,15.0,9.0,3.6,2.4,4.2
572955,Pierce Johnson,cincinnati reds,15,5,15,2,6,61,235,14.0,9.642857142857142,3.2142857142857144,1.2857142857142858,3.857142857142857
666808,Camilo Doval,new york yankees,15,4,13,3,10,60,225,14.0,9.642857142857142,2.5714285714285716,1.9285714285714286,6.428571428571429
677961,Cole Wilcox,seattle mariners,15,12,17,1,8,70,270,13.333333333333332,10.125000000000002,8.100000000000001,0.675,5.4
688158,David Morgan,san diego padres,15,11,17,2,9,68,259,13.333333333333332,10.125000000000002,7.425000000000001,1.35,6.075
669093,Jeremiah Estrada,san diego padres,15,6,9,2,7,50,192,12.0,11.25,4.5,1.5,5.25
572143,Burch Smith,detroit tigers,15,3,10,0,2,45,164,11.333333333333332,11.911764705882355,2.382352941176471,0.0,1.5882352941176472
664126,Pete Fairbanks,miami marlins,15,4,9,1,10,47,191,11.0,12.272727272727273,3.272727272727273,0.8181818181818182,8.181818181818182
664854,Ryan Helsley,baltimore orioles,15,7,7,0,3,46,192,10.666666666666666,12.65625,5.90625,0.0,2.53125
676571,PJ Poulin,washington nationals,14,11,15,3,7,82,339,19.333333333333332,6.517241379310345,5.120689655172414,1.396551724137931,3.2586206896551726
657514,Brennan Bernardino,colorado rockies,14,5,17,1,3,75,295,18.0,7.0,2.5,0.5,1.5
593974,Wandy Peralta,san diego padres,14,7,18,3,6,75,307,17.666666666666664,7.132075471698114,3.566037735849057,1.528301886792453,3.056603773584906
656222,Jalen Beeks,texas rangers,14,4,16,2,4,72,264,17.666666666666664,7.132075471698114,2.037735849056604,1.018867924528302,2.037735849056604
699134,Bradgley Rodriguez,san diego padres,14,5,13,0,3,70,274,17.666666666666664,7.132075471698114,2.5471698113207553,0.0,1.528301886792453
687330,Kevin Kelly,tampa bay rays,14,4,10,1,6,64,251,17.0,7.411764705882353,2.1176470588235294,0.5294117647058824,3.176470588235294
702193,Andrew Morris,minnesota twins,14,5,19,1,8,73,293,17.0,7.411764705882353,2.6470588235294117,0.5294117647058824,4.235294117647059
595345,Steven Okert,houston astros,14,7,15,2,8,70,273,16.666666666666664,7.560000000000001,3.7800000000000007,1.08,4.32
680730,Mitchell Parker,washington nationals,14,4,13,2,7,66,244,16.333333333333332,7.714285714285714,2.2040816326530615,1.1020408163265307,3.857142857142857
681402,Gus Varland,washington nationals,14,4,16,1,5,68,234,16.333333333333332,7.714285714285714,2.2040816326530615,0.5510204081632654,2.7551020408163267
607455,Anthony Banda,minnesota twins,14,5,16,2,14,73,292,16.0,7.875,2.8125,1.125,7.875
687606,Paxton Schultz,washington nationals,14,3,17,2,10,70,262,15.666666666666668,8.042553191489361,1.7234042553191489,1.1489361702127658,5.744680851063829
668674,Lucas Erceg,kansas city royals,14,11,10,0,6,62,273,15.333333333333332,8.217391304347826,6.4565217391304355,0.0,3.5217391304347827
663767,Chase Shugart,philadelphia phillies,14,3,11,2,3,55,200,14.333333333333332,8.790697674418606,1.8837209302325584,1.255813953488372,1.8837209302325584
623474,Jimmy Herget,colorado rockies,14,3,15,1,7,60,245,14.0,9.0,1.9285714285714286,0.6428571428571429,4.5
670059,Colin Holderman,cleveland guardians,14,3,8,1,4,54,201,14.0,9.0,1.9285714285714286,0.6428571428571429,2.5714285714285716
621381,Matt Strahm,kansas city royals,14,6,10,2,5,58,234,13.666666666666666,9.219512195121952,3.951219512195122,1.3170731707317074,3.2926829268292686
642100,Gabe Speier,seattle mariners,14,5,14,1,4,59,232,13.333333333333334,9.45,3.375,0.6749999999999999,2.6999999999999997
686790,Trevor McDonald,san francisco giants,14,2,8,1,3,52,167,13.333333333333332,9.450000000000001,1.35,0.675,2.0250000000000004
675989,Cody Bolton,houston astros,14,9,12,1,6,56,234,11.666666666666666,10.8,6.942857142857143,0.7714285714285715,4.628571428571429
554430,Zack Wheeler,philadelphia phillies,14,5,6,0,3,43,178,11.0,11.454545454545455,4.090909090909091,0.0,2.4545454545454546
664208,Phil Maton,chicago cubs,14,7,13,1,9,55,237,11.0,11.454545454545455,5.7272727272727275,0.8181818181818182,7.363636363636363
628452,Raisel Iglesias,atlanta braves,14,1,7,0,0,39,152,10.666666666666666,11.8125,0.84375,0.0,0.0
681035,Christian Scott,new york mets,14,8,7,1,6,49,198,10.333333333333332,12.193548387096776,6.967741935483872,0.870967741935484,5.225806451612904
675911,Spencer Strider,atlanta braves,14,7,11,1,6,43,177,8.333333333333334,15.12,7.56,1.0799999999999998,6.4799999999999995
664141,JT Brubaker,san francisco giants,13,10,18,1,6,81,321,18.333333333333332,6.381818181818182,4.909090909090909,0.49090909090909096,2.9454545454545458
672782,Yoendrys Gómez,tampa bay rays,13,10,19,5,12,82,298,17.333333333333332,6.750000000000001,5.1923076923076925,2.5961538461538463,6.230769230769231
815083,Mitch Farris,los angeles angels,13,7,16,1,3,68,268,16.0,7.3125,3.9375,0.5625,1.6875
683232,Nick Mears,kansas city royals,13,9,10,0,7,63,266,15.333333333333334,7.630434782608695,5.282608695652174,0.0,4.108695652173913
681217,Chase Silseth,los angeles angels,13,11,12,1,3,65,259,14.333333333333332,8.162790697674419,6.906976744186047,0.627906976744186,1.8837209302325584
641401,Connor Brogdon,cleveland guardians,13,2,12,3,7,60,231,14.0,8.357142857142858,1.2857142857142858,1.9285714285714286,4.5
657756,Connor Seabold,detroit tigers,13,5,14,2,5,60,236,13.666666666666666,8.560975609756097,3.2926829268292686,1.3170731707317074,3.2926829268292686
676254,Ryan Walker,san francisco giants,13,7,14,1,7,61,240,13.666666666666666,8.560975609756097,4.609756097560976,0.6585365853658537,4.609756097560976
683618,Edgardo Henriquez,los angeles dodgers,13,8,9,1,6,58,215,13.666666666666666,8.560975609756097,5.2682926829268295,0.6585365853658537,3.951219512195122
669212,Eli Morgan,kansas city royals,13,7,18,3,8,65,234,13.333333333333334,8.775,4.725,2.025,5.3999999999999995
656234,Jake Bird,new york yankees,13,3,12,1,7,53,200,12.333333333333332,9.486486486486488,2.1891891891891895,0.7297297297297298,5.108108108108109
595014,Blake Treinen,los angeles dodgers,13,4,12,2,4,51,195,11.666666666666666,10.028571428571428,3.085714285714286,1.542857142857143,3.085714285714286
700712,Walbert Urena,los angeles angels,13,10,15,1,6,60,235,11.333333333333332,10.323529411764707,7.941176470588236,0.7941176470588236,4.764705882352942
669165,Kyle Hurt,los angeles dodgers,13,1,6,0,1,39,124,11.0,10.636363636363637,0.8181818181818182,0.0,0.8181818181818182
682243,Bryce Miller,seattle mariners,13,2,2,0,0,36,143,10.666666666666668,10.968749999999998,1.6874999999999998,0.0,0.0
542888,Shawn Armstrong,cleveland guardians,13,7,8,2,5,47,200,10.666666666666666,10.96875,5.90625,1.6875,4.21875
805673,Zebby Matthews,minnesota twins,13,2,11,3,9,45,200,10.333333333333332,11.322580645161292,1.741935483870968,2.612903225806452,7.838709677419356
665871,Javier Assad,chicago cubs,12,6,22,3,16,88,338,20.333333333333332,5.311475409836066,2.655737704918033,1.3278688524590165,7.081967213114755
676428,Brant Hurter,detroit tigers,12,6,11,1,6,73,247,18.666666666666668,5.785714285714286,2.892857142857143,0.4821428571428571,2.892857142857143
642528,Jonathan Loáisiga,arizona diamondbacks,12,4,17,1,6,74,293,18.0,6.0,2.0,0.5,3.0
642701,Dennis Santana,pittsburgh pirates,12,10,12,2,7,77,288,18.0,6.0,5.0,1.0,3.5
641312,Shaun Anderson,los angeles angels,12,8,17,3,11,73,284,16.666666666666668,6.4799999999999995,4.319999999999999,1.6199999999999999,5.9399999999999995
676755,Isaac Mattson,pittsburgh pirates,12,9,15,0,7,72,293,16.666666666666668,6.4799999999999995,4.859999999999999,0.0,3.78
519141,Drew Pomeranz,los angeles angels,12,9,18,4,11,70,239,14.333333333333332,7.5348837209302335,5.651162790697675,2.511627906976744,6.906976744186047
680767,Victor Vodnik,colorado rockies,12,10,20,2,14,69,263,13.666666666666666,7.902439024390244,6.585365853658537,1.3170731707317074,9.219512195121952
607481,Aaron Bummer,atlanta braves,12,10,18,6,13,70,260,13.0,8.307692307692308,6.923076923076923,4.153846153846154,9.0
666974,Yennier Cano,baltimore orioles,12,2,9,1,4,50,191,13.0,8.307692307692308,1.3846153846153846,0.6923076923076923,2.769230769230769
685801,Hunter Bigge,tampa bay rays,12,8,6,1,4,54,203,13.0,8.307692307692308,5.538461538461538,0.6923076923076923,2.769230769230769
694851,Andrew Hoffmann,arizona diamondbacks,12,8,17,3,12,59,230,11.666666666666666,9.257142857142858,6.171428571428572,2.3142857142857145,9.257142857142858
573204,Caleb Thielbar,chicago cubs,12,5,9,2,3,46,201,10.666666666666666,10.125,4.21875,1.6875,2.53125
661395,Jhoan Duran,philadelphia phillies,12,3,6,0,2,34,141,8.666666666666666,12.461538461538462,3.1153846153846154,0.0,2.076923076923077
605447,Jordan Romano,los angeles angels,12,6,11,1,9,42,192,8.0,13.5,6.75,1.125,10.125
700669,Gordon Graceffo,st. louis cardinals,11,7,12,1,4,76,275,20.0,4.95,3.15,0.45,1.8
677865,Justin Bruihl,st. louis cardinals,11,11,14,1,9,84,331,19.0,5.2105263157894735,5.2105263157894735,0.47368421052631576,4.2631578947368425
643511,Tyler Rogers,toronto blue jays,11,4,12,0,3,73,237,18.666666666666668,5.303571428571428,1.9285714285714284,0.0,1.4464285714285714
700249,Cade Povich,baltimore orioles,11,5,16,3,8,68,261,16.333333333333336,6.061224489795918,2.7551020408163263,1.6530612244897958,4.408163265306122
657424,Matt Gage,san francisco giants,11,11,11,2,5,68,265,15.666666666666666,6.319148936170213,6.319148936170213,1.148936170212766,2.872340425531915
573124,Taylor Rogers,minnesota twins,11,6,18,0,8,65,246,14.333333333333334,6.906976744186046,3.7674418604651163,0.0,5.023255813953488
641941,Emilio Pagán,cincinnati reds,11,6,14,3,10,62,228,14.0,7.071428571428571,3.857142857142857,1.9285714285714286,6.428571428571429
689147,Orion Kerkering,philadelphia phillies,11,6,10,1,2,60,242,13.666666666666666,7.2439024390243905,3.951219512195122,0.6585365853658537,1.3170731707317074
666374,Matt Brash,seattle mariners,11,2,4,0,0,45,175,13.333333333333334,7.425,1.3499999999999999,0.0,0.0
683742,Jose Franco,cincinnati reds,11,10,14,2,7,59,222,12.666666666666666,7.815789473684211,7.105263157894737,1.4210526315789473,4.973684210526316
669020,Ryan Rolison,chicago cubs,11,5,7,1,3,45,179,12.333333333333332,8.027027027027028,3.648648648648649,0.7297297297297298,2.1891891891891895
663485,Cole Sands,minnesota twins,11,4,12,2,6,50,181,11.666666666666666,8.485714285714286,3.085714285714286,1.542857142857143,4.628571428571429
518886,Craig Kimbrel,new york mets,11,3,11,1,5,45,161,11.0,9.0,2.4545454545454546,0.8181818181818182,4.090909090909091
682608,Peyton Gray,texas rangers,11,6,7,1,3,45,169,10.333333333333334,9.580645161290322,5.225806451612903,0.8709677419354839,2.6129032258064515
676467,Colton Gordon,houston astros,11,3,21,6,12,50,201,9.333333333333332,10.607142857142858,2.8928571428571432,5.7857142857142865,11.571428571428573
680744,Ty Madden,detroit tigers,11,2,7,1,2,35,129,8.333333333333334,11.879999999999999,2.1599999999999997,1.0799999999999998,2.1599999999999997
681343,Shane Smith,chicago white sox,11,9,12,1,10,49,225,8.333333333333332,11.880000000000003,9.72,1.08,10.8
701656,Logan Henderson,milwaukee brewers,11,1,6,0,4,30,111,8.0,12.375,1.125,0.0,4.5
605218,Carl Edwards Jr.,new york mets,11,4,3,1,1,25,99,6.0,16.5,6.0,1.5,1.5
453286,Max Scherzer,toronto blue jays,10,8,22,7,20,84,343,18.666666666666668,4.821428571428571,3.8571428571428568,3.375,9.642857142857142
664199,Taylor Clarke,arizona diamondbacks,10,2,11,1,5,67,244,17.666666666666668,5.094339622641509,1.0188679245283019,0.5094339622641509,2.5471698113207544
606996,Kyle Hart,san diego padres,10,6,12,0,10,68,259,16.666666666666668,5.3999999999999995,3.2399999999999998,0.0,5.3999999999999995
670167,John Schreiber,kansas city royals,10,9,13,2,6,68,273,16.333333333333332,5.510204081632653,4.959183673469388,1.1020408163265307,3.306122448979592
621112,Paul Blackburn,new york yankees,10,4,16,0,5,65,241,15.666666666666666,5.74468085106383,2.297872340425532,0.0,2.872340425531915
663855,Jordan Hicks,chicago white sox,10,12,18,1,7,72,256,15.0,6.0,7.2,0.6,4.2
621366,Ryan Borucki,san francisco giants,10,4,17,2,7,58,216,13.333333333333332,6.750000000000001,2.7,1.35,4.7250000000000005
677161,Zack Kelly,boston red sox,10,4,11,1,5,54,205,13.333333333333332,6.750000000000001,2.7,0.675,3.3750000000000004
669438,Mason Englert,tampa bay rays,10,4,19,4,10,60,214,12.666666666666666,7.105263157894737,2.8421052631578947,2.8421052631578947,7.105263157894737
690925,Clayton Beeter,washington nationals,10,9,7,2,4,53,208,12.333333333333334,7.297297297297297,6.5675675675675675,1.4594594594594594,2.918918918918919
694918,Blade Tidwell,san francisco giants,10,3,10,1,4,47,182,12.0,7.5,2.25,0.75,3.0
608371,Lucas Sims,chicago white sox,10,7,9,1,5,46,171,10.0,9.0,6.3,0.9,4.5
445276,Kenley Jansen,detroit tigers,10,6,8,3,5,42,178,9.666666666666666,9.310344827586208,5.586206896551724,2.793103448275862,4.655172413793104
679775,Kyle Backhus,philadelphia phillies,10,1,11,2,5,41,161,9.666666666666666,9.310344827586208,0.9310344827586208,1.8620689655172415,4.655172413793104
702303,Riley Martin,chicago cubs,10,2,5,1,2,31,118,8.333333333333334,10.799999999999999,2.1599999999999997,1.0799999999999998,2.1599999999999997
674841,Andrew Alvarez,washington nationals,10,1,5,1,2,30,118,8.333333333333332,10.8,1.08,1.08,2.16
669371,Cole Henry,washington nationals,10,5,11,3,8,41,170,8.0,11.25,5.625,3.375,9.0
543037,Gerrit Cole,new york yankees,10,0,4,0,0,23,79,6.666666666666667,13.5,0.0,0.0,0.0
621242,Edwin Díaz,los angeles dodgers,10,5,9,1,7,33,132,6.0,15.0,7.5,1.5,10.5
661563,Luis Gil,new york yankees,9,11,15,6,13,85,337,19.333333333333332,4.189655172413794,5.120689655172414,2.793103448275862,6.051724137931035
623437,Justin Topa,minnesota twins,9,7,22,3,11,74,281,16.0,5.0625,3.9375,1.6875,6.1875
672335,Cionel Pérez,washington nationals,9,11,16,2,11,73,295,16.0,5.0625,6.1875,1.125,6.1875
544150,Albert Suárez,baltimore orioles,9,9,11,3,6,66,257,15.666666666666666,5.170212765957447,5.170212765957447,1.723404255319149,3.446808510638298
687064,Brandon Young,baltimore orioles,9,5,19,3,10,68,241,14.666666666666668,5.5227272727272725,3.068181818181818,1.8409090909090908,6.136363636363636
682120,Tim Herrin,cleveland guardians,9,9,9,0,3,56,238,12.0,6.75,6.75,0.0,2.25
701719,Tyler Samaniego,boston red sox,9,5,9,0,0,48,170,12.0,6.75,3.75,0.0,0.0
668984,Casey Legumina,seattle mariners,9,3,15,0,6,53,207,11.666666666666666,6.942857142857143,2.3142857142857145,0.0,4.628571428571429
686560,Gavin Collyer,texas rangers,9,8,6,1,3,47,194,11.0,7.363636363636363,6.545454545454546,0.8181818181818182,2.4545454545454546
680742,Jonathan Bowlan,philadelphia phillies,9,4,11,0,8,46,206,10.333333333333332,7.838709677419356,3.483870967741936,0.0,6.967741935483872
681810,Austin Warren,new york mets,9,2,9,1,3,42,160,10.333333333333332,7.838709677419356,1.741935483870968,0.870967741935484,2.612903225806452
615698,Cal Quantrill,texas rangers,9,4,9,1,5,40,178,10.0,8.1,3.6,0.9,4.5
665660,Elvis Alvarado,athletics,9,7,11,1,9,44,182,9.666666666666666,8.379310344827587,6.517241379310345,0.9310344827586208,8.379310344827587
671382,Cameron Foster,baltimore orioles,9,8,17,1,9,49,189,9.0,9.0,8.0,1.0,9.0
663465,Kolby Allard,cleveland guardians,9,3,16,2,10,45,177,8.666666666666666,9.346153846153847,3.1153846153846154,2.076923076923077,10.384615384615385
696131,Mason Black,kansas city royals,9,3,9,1,2,38,160,8.666666666666666,9.346153846153847,3.1153846153846154,1.0384615384615385,2.076923076923077
699823,Tyler Davis,chicago white sox,9,3,2,0,2,30,115,8.666666666666666,9.346153846153847,3.1153846153846154,0.0,2.076923076923077
606303,Joel Payamps,atlanta braves,9,4,9,2,8,36,151,7.666666666666667,10.565217391304348,4.695652173913043,2.3478260869565215,9.391304347826086
674444,Steven Cruz,kansas city royals,9,6,10,5,10,38,153,7.666666666666666,10.56521739130435,7.043478260869565,5.869565217391305,11.73913043478261
670183,Garrett Acton,minnesota twins,9,3,4,0,2,28,115,6.666666666666666,12.15,4.050000000000001,0.0,2.7
552640,Andrew Kittredge,baltimore orioles,9,2,10,1,7,30,120,6.0,13.5,3.0,1.5,10.5
681676,Ryan Fernandez,st. louis cardinals,9,2,7,0,1,26,91,5.666666666666666,14.294117647058824,3.1764705882352944,0.0,1.5882352941176472
686580,Justin Slaten,boston red sox,9,2,2,0,0,20,85,5.333333333333333,15.1875,3.375,0.0,0.0
657044,Ryan Thompson,arizona diamondbacks,8,7,10,2,5,61,202,15.0,4.8,4.2,1.2,3.0
681892,Kody Funderburk,minnesota twins,8,11,8,1,3,62,233,14.333333333333332,5.023255813953488,6.906976744186047,0.627906976744186,1.8837209302325584
663362,Matt Waldron,san diego padres,8,5,22,3,15,69,246,13.666666666666666,5.2682926829268295,3.2926829268292686,1.975609756097561,9.878048780487806
672582,Angel Zerpa,milwaukee brewers,8,6,16,2,9,55,216,12.666666666666666,5.684210526315789,4.2631578947368425,1.4210526315789473,6.394736842105264
682995,Hunter Barco,pittsburgh pirates,8,9,14,3,10,60,232,11.666666666666668,6.171428571428571,6.942857142857142,2.314285714285714,7.7142857142857135
642232,Ryan Yarbrough,new york yankees,8,4,8,1,5,46,167,11.0,6.545454545454546,3.272727272727273,0.8181818181818182,4.090909090909091
700712,Walbert Ureña,los angeles angels,8,5,6,0,1,45,160,11.0,6.545454545454546,4.090909090909091,0.0,0.8181818181818182
678368,Valente Bellozo,colorado rockies,8,7,10,5,9,48,170,10.666666666666666,6.75,5.90625,4.21875,7.59375
689818,David Sandlin,chicago white sox,8,4,9,2,9,42,141,10.0,7.2,3.6,1.8,8.1
686610,Ken Waldichuk,washington nationals,8,6,7,4,7,41,149,9.333333333333332,7.714285714285715,5.7857142857142865,3.8571428571428577,6.750000000000001
663992,Richard Lovelady,washington nationals,8,6,12,1,4,46,146,9.0,8.0,6.0,1.0,4.0
690928,Hunter Dobbins,st. louis cardinals,8,5,6,1,4,34,140,8.0,9.0,5.625,1.125,4.5
608650,Dietrich Enns,baltimore orioles,8,9,6,0,6,36,172,7.0,10.285714285714286,11.571428571428571,0.0,7.714285714285714
689520,Cody Laweryson,minnesota twins,8,2,3,0,3,26,95,6.333333333333333,11.368421052631579,2.8421052631578947,0.0,4.2631578947368425
820862,José Fermin,los angeles angels,8,3,7,2,6,29,120,5.666666666666666,12.705882352941178,4.764705882352942,3.1764705882352944,9.529411764705884
596001,Jakob Junis,texas rangers,7,4,7,0,3,67,229,18.333333333333332,3.4363636363636365,1.9636363636363638,0.0,1.4727272727272729
657612,Tim Hill,new york yankees,7,4,12,3,6,63,203,16.333333333333332,3.857142857142857,2.2040816326530615,1.653061224489796,3.306122448979592
669270,Joel Kuhnel,athletics,7,5,12,0,4,60,196,14.666666666666666,4.295454545454546,3.0681818181818183,0.0,2.4545454545454546
666157,Nick Lodolo,cincinnati reds,7,9,8,3,6,52,197,12.333333333333334,5.108108108108108,6.5675675675675675,2.189189189189189,4.378378378378378
806960,Luis Morales,athletics,7,12,17,5,15,55,212,9.333333333333332,6.750000000000001,11.571428571428573,4.821428571428572,14.464285714285715
455119,Chris Martin,texas rangers,7,0,13,1,5,34,121,7.333333333333333,8.590909090909092,0.0,1.2272727272727273,6.136363636363637
693312,Kyle Nicolas,cincinnati reds,7,13,8,1,7,42,198,7.333333333333333,8.590909090909092,15.954545454545455,1.2272727272727273,8.590909090909092
694037,Daniel Palencia,chicago cubs,7,3,6,0,0,28,110,6.666666666666667,9.45,4.05,0.0,0.0
683769,Hunter Gaddis,cleveland guardians,7,5,10,2,6,34,131,6.333333333333333,9.947368421052632,7.105263157894737,2.8421052631578947,8.526315789473685
621107,Zach Eflin,baltimore orioles,7,2,4,1,1,17,74,3.6666666666666665,17.181818181818183,4.909090909090909,2.4545454545454546,2.4545454545454546
695380,Alex Hoppe,seattle mariners,7,3,3,0,3,17,75,3.6666666666666665,17.181818181818183,7.363636363636364,0.0,7.363636363636364
571948,Hoby Milner,chicago cubs,6,5,11,2,4,69,257,18.0,3.0,2.5,1.0,2.0
592094,Jason Adam,san diego padres,6,3,8,1,2,51,224,13.0,4.153846153846154,2.076923076923077,0.6923076923076923,1.3846153846153846
674370,Osvaldo Bido,atlanta braves,6,5,7,1,7,41,155,10.0,5.4,4.5,0.9,6.3
680704,Nick Sandlin,los angeles angels,6,5,9,2,11,40,157,8.666666666666666,6.230769230769231,5.1923076923076925,2.076923076923077,11.423076923076923
685005,Christian Roa,houston astros,6,7,10,1,5,43,178,8.666666666666666,6.230769230769231,7.26923076923077,1.0384615384615385,5.1923076923076925
676395,Robert Garcia,texas rangers,6,7,5,0,3,34,153,8.0,6.75,7.875,0.0,3.375
681252,Jack Anderson,boston red sox,6,2,8,1,3,32,124,8.0,6.75,2.25,1.125,3.375
647315,Zach Pop,philadelphia phillies,6,3,5,0,3,31,130,7.333333333333334,7.363636363636363,3.6818181818181817,0.0,3.6818181818181817
663992,Richard Lovelady,new york mets,6,4,8,1,3,32,127,7.333333333333333,7.363636363636364,4.909090909090909,1.2272727272727273,3.681818181818182
669684,Chris Murphy,chicago white sox,6,8,9,1,7,37,134,7.333333333333333,7.363636363636364,9.818181818181818,1.2272727272727273,8.590909090909092
685126,Brandon Eisert,chicago white sox,6,2,8,1,5,32,135,7.333333333333333,7.363636363636364,2.4545454545454546,1.2272727272727273,6.136363636363637
805299,Brandyn Garcia,arizona diamondbacks,6,1,4,0,0,23,78,7.0,7.714285714285714,1.2857142857142858,0.0,0.0
664353,José Urquidy,pittsburgh pirates,6,2,15,1,6,36,131,6.333333333333333,8.526315789473685,2.8421052631578947,1.4210526315789473,8.526315789473685
691945,Carter Baumler,texas rangers,6,6,4,1,2,27,117,5.666666666666666,9.529411764705884,9.529411764705884,1.5882352941176472,3.1764705882352944
663559,Bailey Falter,kansas city royals,6,5,12,1,7,32,107,5.333333333333333,10.125,8.4375,1.6875,11.8125
547184,Michael Kelly,athletics,6,6,12,1,9,32,121,5.0,10.8,10.8,1.8,16.2
691946,George Klassen,los angeles angels,6,10,7,1,6,32,145,4.666666666666666,11.571428571428573,19.28571428571429,1.9285714285714288,11.571428571428573
682610,Roddery Muñoz,houston astros,6,6,7,3,7,25,112,4.0,13.5,13.5,6.75,15.75
663893,Brendon Little,toronto blue jays,6,3,10,3,10,24,93,3.6666666666666665,14.727272727272728,7.363636363636364,7.363636363636364,24.545454545454547
678606,José A. Ferrer,seattle mariners,6,0,2,1,1,13,55,3.6666666666666665,14.727272727272728,0.0,2.4545454545454546,2.4545454545454546
672782,Yoendrys Gómez,minnesota twins,6,2,2,0,0,14,62,3.3333333333333335,16.2,5.3999999999999995,0.0,0.0
695684,Elmer Rodríguez,new york yankees,5,8,10,0,5,44,174,8.666666666666668,5.192307692307692,8.307692307692307,0.0,5.192307692307692
543056,Danny Coulombe,boston red sox,5,3,9,1,5,36,149,8.0,5.625,3.375,1.125,5.625
669920,Jason Alexander,houston astros,5,4,6,1,5,34,111,8.0,5.625,4.5,1.125,5.625
687377,Orlando Ribalta,washington nationals,5,3,3,0,1,28,133,8.0,5.625,3.375,0.0,1.125
694680,Trevor Martin,tampa bay rays,5,2,10,3,5,36,114,7.333333333333334,6.136363636363636,2.454545454545454,3.6818181818181817,6.136363636363636
681151,Jayden Murray,houston astros,5,7,11,0,7,36,134,7.333333333333333,6.136363636363637,8.590909090909092,0.0,8.590909090909092
669211,Keegan Akin,baltimore orioles,5,0,11,2,7,30,107,6.666666666666666,6.750000000000001,0.0,2.7,9.450000000000001
674370,Osvaldo Bido,chicago white sox,5,5,8,2,6,31,135,6.333333333333334,7.105263157894736,7.105263157894736,2.8421052631578947,8.526315789473683
689266,Dylan Dodd,atlanta braves,5,1,5,1,2,23,85,5.666666666666667,7.941176470588235,1.588235294117647,1.588235294117647,3.176470588235294
670950,Trevor Richards,philadelphia phillies,5,3,4,0,1,19,69,4.333333333333334,10.384615384615383,6.23076923076923,0.0,2.0769230769230766
664076,Garrett Cleavinger,tampa bay rays,5,5,4,0,2,22,81,4.333333333333333,10.384615384615385,10.384615384615385,0.0,4.153846153846154
676742,Cam Sanders,pittsburgh pirates,5,2,4,0,4,18,70,4.0,11.25,4.5,0.0,9.0
692230,Carlos Rodriguez,milwaukee brewers,5,0,5,1,1,17,67,4.0,11.25,0.0,2.25,2.25
660604,Alan Rangel,philadelphia phillies,5,0,3,0,1,12,44,3.0,15.0,0.0,0.0,3.0
682825,Luis Mey,cincinnati reds,5,2,1,1,1,13,59,3.0,15.0,6.0,3.0,3.0
676130,José Buttó,san francisco giants,5,4,6,2,5,16,63,2.0,22.5,18.0,9.0,22.5
680702,Joey Gerber,new york mets,5,1,2,0,0,9,47,2.0,22.5,4.5,0.0,0.0
664299,Cristian Javier,houston astros,4,9,13,2,13,48,176,9.333333333333334,3.8571428571428568,8.678571428571429,1.9285714285714284,12.535714285714285
669724,Brenan Hanifee,detroit tigers,4,4,6,1,3,33,115,8.0,4.5,4.5,1.125,3.375
690990,Cade Horton,chicago cubs,4,2,4,1,2,26,92,7.333333333333333,4.909090909090909,2.4545454545454546,1.2272727272727273,2.4545454545454546
641585,J.P. France,houston astros,4,5,6,1,6,31,117,6.666666666666666,5.4,6.750000000000001,1.35,8.100000000000001
696062,Wilber Dotel,pittsburgh pirates,4,3,2,1,1,25,89,6.666666666666666,5.4,4.050000000000001,1.35,1.35
471911,Carlos Carrasco,atlanta braves,4,0,6,1,2,25,75,6.333333333333333,5.684210526315789,0.0,1.4210526315789473,2.8421052631578947
472610,Luis García,new york mets,4,2,11,0,5,32,115,6.333333333333333,5.684210526315789,2.8421052631578947,0.0,7.105263157894737
681799,Ethan Roberts,chicago cubs,4,2,7,0,3,28,108,6.333333333333333,5.684210526315789,2.8421052631578947,0.0,4.2631578947368425
689441,Coleman Crow,milwaukee brewers,4,1,4,0,2,21,77,5.333333333333333,6.75,1.6875,0.0,3.375
656686,Corbin Martin,chicago cubs,4,5,2,1,3,22,100,5.0,7.2,9.0,1.8,5.4
676508,Ben Casparius,los angeles dodgers,4,4,6,1,5,23,99,4.666666666666666,7.714285714285715,7.714285714285715,1.9285714285714288,9.642857142857144
640451,Hunter Harvey,chicago cubs,4,1,5,2,3,18,76,4.0,9.0,2.25,4.5,6.75
701519,Travis Adams,minnesota twins,4,2,6,3,7,20,71,4.0,9.0,4.5,6.75,15.75
686751,Seth Johnson,philadelphia phillies,4,3,5,0,3,21,90,3.6666666666666665,9.818181818181818,7.363636363636364,0.0,7.363636363636364
688497,Taylor Rashi,arizona diamondbacks,4,1,3,1,4,15,45,3.6666666666666665,9.818181818181818,2.4545454545454546,2.4545454545454546,9.818181818181818
656986,Bennett Sousa,houston astros,4,5,3,0,3,17,73,3.333333333333333,10.8,13.500000000000002,0.0,8.100000000000001
664192,Joey Lucchesi,los angeles angels,4,6,7,1,5,24,111,3.333333333333333,10.8,16.200000000000003,2.7,13.500000000000002
686678,Chase Solesky,tampa bay rays,4,1,6,1,2,17,58,3.0,12.0,3.0,3.0,6.0
657649,Jared Koenig,milwaukee brewers,4,2,3,0,0,13,46,2.3333333333333335,15.428571428571427,7.7142857142857135,0.0,0.0
687531,William Kempner,miami marlins,4,0,2,0,0,9,36,2.333333333333333,15.42857142857143,0.0,0.0,0.0
694346,Trey Gibson,baltimore orioles,3,6,10,2,4,45,187,10.333333333333334,2.6129032258064515,5.225806451612903,1.7419354838709677,3.4838709677419355
701552,Andre Granillo,washington nationals,3,8,13,2,10,50,198,9.333333333333332,2.8928571428571432,7.714285714285715,1.9285714285714288,9.642857142857144
605335,Brandon Leibrandt,cincinnati reds,3,3,10,2,5,30,99,6.0,4.5,4.5,3.0,7.5
663568,Stephen Kolek,kansas city royals,3,0,4,1,3,22,83,6.0,4.5,0.0,1.5,4.5
668984,Casey Legumina,tampa bay rays,3,3,7,1,1,27,91,6.0,4.5,4.5,1.5,1.5
696070,Kendry Rojas,minnesota twins,3,4,4,0,0,23,81,6.0,4.5,6.0,0.0,0.0
681168,Luis Curvelo,texas rangers,3,2,6,2,3,22,67,5.0,5.4,3.6,3.6,5.4
687562,Jake Bennett,boston red sox,3,2,5,1,1,20,85,5.0,5.4,3.6,1.8,1.8
663423,Trent Thornton,chicago cubs,3,2,1,1,2,17,66,4.666666666666666,5.7857142857142865,3.8571428571428577,1.9285714285714288,3.8571428571428577
678020,Seth Halvorsen,colorado rockies,3,4,3,0,1,20,74,4.333333333333333,6.230769230769231,8.307692307692308,0.0,2.076923076923077
804267,Zach Thornton,new york mets,3,2,4,1,4,19,80,4.333333333333333,6.230769230769231,4.153846153846154,2.076923076923077,8.307692307692308
642759,Julian Fernández,washington nationals,3,2,4,1,3,18,71,4.0,6.75,4.5,2.25,6.75
681751,Lazaro Estrada,toronto blue jays,3,2,0,0,0,14,66,4.0,6.75,4.5,0.0,0.0
687765,Mitch Spence,kansas city royals,3,5,4,1,6,21,84,4.0,6.75,11.25,2.25,13.5
670912,Johan Oviedo,boston red sox,3,1,6,2,4,18,72,3.6666666666666665,7.363636363636364,2.4545454545454546,4.909090909090909,9.818181818181818
702474,Mike Paredes,minnesota twins,3,3,2,0,1,17,65,3.6666666666666665,7.363636363636364,7.363636363636364,0.0,2.4545454545454546
700842,Eduardo Rivera,boston red sox,3,0,1,0,0,10,41,3.3333333333333335,8.1,0.0,0.0,0.0
657571,Caleb Ferguson,cincinnati reds,3,0,2,0,0,13,50,3.333333333333333,8.100000000000001,0.0,0.0,0.0
684049,Brandan Bidois,pittsburgh pirates,3,1,2,2,2,12,39,3.333333333333333,8.100000000000001,2.7,5.4,5.4
664074,Cody Ponce,toronto blue jays,3,1,1,0,1,10,47,2.3333333333333335,11.571428571428571,3.8571428571428568,0.0,3.8571428571428568
606965,Chris Devenski,pittsburgh pirates,3,0,5,1,2,12,39,2.333333333333333,11.571428571428573,0.0,3.8571428571428577,7.714285714285715
673513,Yuki Matsui,san diego padres,3,2,1,0,0,9,45,2.333333333333333,11.571428571428573,7.714285714285715,0.0,0.0
683409,Angel Chivilli,new york yankees,3,3,2,1,1,13,60,2.333333333333333,11.571428571428573,11.571428571428573,3.8571428571428577,3.8571428571428577
690155,Matt Pushard,st. louis cardinals,3,3,3,0,3,13,66,2.333333333333333,11.571428571428573,11.571428571428573,0.0,11.571428571428573
672442,Yovanny Cruz,new york yankees,3,0,0,0,0,6,15,2.0,13.5,0.0,0.0,0.0
689690,Alek Jacob,san diego padres,3,1,1,0,0,9,34,2.0,13.5,4.5,0.0,0.0
691548,Rolddy Muñoz,atlanta braves,3,1,5,1,3,12,49,2.0,13.5,4.5,4.5,13.5
702021,Will Dion,cleveland guardians,3,0,2,0,0,8,27,2.0,13.5,0.0,0.0,0.0
691951,Sam Aldegheri,los angeles angels,2,3,6,1,3,26,102,5.666666666666666,3.1764705882352944,4.764705882352942,1.5882352941176472,4.764705882352942
696270,Ryan Johnson,los angeles angels,2,5,11,3,11,32,114,5.333333333333334,3.3749999999999996,8.437499999999998,5.062499999999999,18.562499999999996
676510,Nolan Hoffman,philadelphia phillies,2,3,6,0,2,21,82,4.666666666666666,3.8571428571428577,5.7857142857142865,0.0,3.8571428571428577
669169,Jonathan Heasley,tampa bay rays,2,0,8,2,5,19,64,4.0,4.5,0.0,4.5,11.25
605452,Joe Ross,arizona diamondbacks,2,4,7,1,8,22,92,3.6666666666666665,4.909090909090909,9.818181818181818,2.4545454545454546,19.636363636363637
671936,Adam Macko,toronto blue jays,2,0,2,0,0,13,48,3.6666666666666665,4.909090909090909,0.0,0.0,0.0
687849,Zak Kent,minnesota twins,2,5,4,2,2,20,81,3.6666666666666665,4.909090909090909,12.272727272727273,4.909090909090909,4.909090909090909
702153,Brian Fitzpatrick,milwaukee brewers,2,2,6,0,1,18,60,3.6666666666666665,4.909090909090909,4.909090909090909,0.0,2.4545454545454546
621389,Ty Blach,chicago cubs,2,0,1,0,0,9,30,3.0,6.0,0.0,0.0,0.0
666129,Braxton Garrett,miami marlins,2,3,3,0,2,15,65,3.0,6.0,9.0,0.0,6.0
666711,Joel Peguero,san francisco giants,2,1,4,0,0,14,46,3.0,6.0,3.0,0.0,0.0
806188,Cade Gibson,miami marlins,2,1,6,1,4,16,66,3.0,6.0,3.0,3.0,12.0
656457,Tyler Gilbert,chicago white sox,2,3,4,2,6,15,57,2.6666666666666665,6.75,10.125,6.75,20.25
700413,Tyler Uberstine,boston red sox,2,1,3,1,1,11,45,2.6666666666666665,6.75,3.375,3.375,3.375
624522,Keegan Thompson,colorado rockies,2,0,4,1,3,10,40,2.0,9.0,0.0,4.5,13.5
676568,Ricky Vanasco,detroit tigers,2,2,4,1,5,13,53,2.0,9.0,9.0,4.5,22.5
694795,Josh Ekness,miami marlins,2,0,0,0,0,6,22,2.0,9.0,0.0,0.0,0.0
695001,Alimber Santa,houston astros,2,0,0,0,0,6,22,2.0,9.0,0.0,0.0,0.0
605441,Yacksel Ríos,chicago cubs,2,0,0,0,0,5,13,1.6666666666666665,10.8,0.0,0.0,0.0
682274,Yaramil Hiraldo,baltimore orioles,2,4,3,2,4,12,47,1.6666666666666665,10.8,21.6,10.8,21.6
671131,Jackson Rutledge,washington nationals,2,2,6,0,7,12,44,1.3333333333333333,13.5,13.5,0.0,47.25
642048,Tayler Saucedo,los angeles angels,2,0,0,0,1,4,14,1.0,18.0,0.0,0.0,9.0
680689,Lyon Richardson,cincinnati reds,2,2,1,1,4,7,30,1.0,18.0,18.0,9.0,36.0
687941,Alec Gamboa,boston red sox,2,0,0,0,0,3,14,1.0,18.0,0.0,0.0,0.0
695534,Chase Petty,cincinnati reds,1,2,4,1,3,23,75,5.666666666666667,1.588235294117647,3.176470588235294,1.588235294117647,4.764705882352941
694363,Jared Shuster,st. louis cardinals,1,3,5,0,2,25,81,5.666666666666666,1.5882352941176472,4.764705882352942,0.0,3.1764705882352944
624431,Jose Trevino,cincinnati reds,1,1,11,0,7,24,59,4.0,2.25,2.25,0.0,15.75
670950,Trevor Richards,chicago white sox,1,1,2,1,3,15,47,4.0,2.25,2.25,2.25,6.75
671109,Jake Eder,los angeles dodgers,1,1,3,0,1,15,56,4.0,2.25,2.25,0.0,2.25
434378,Justin Verlander,detroit tigers,1,2,6,1,5,19,80,3.6666666666666665,2.4545454545454546,4.909090909090909,2.4545454545454546,12.272727272727273
666619,Gregory Santos,san francisco giants,1,2,3,0,2,14,54,3.6666666666666665,2.4545454545454546,4.909090909090909,0.0,4.909090909090909
804636,Jonah Tong,new york mets,1,4,3,0,0,19,76,3.6666666666666665,2.4545454545454546,9.818181818181818,0.0,0.0
656212,Charlie Barnes,chicago cubs,1,3,4,0,3,17,62,3.0,3.0,9.0,0.0,9.0
676596,Josh Fleming,toronto blue jays,1,2,6,1,4,18,77,3.0,3.0,6.0,3.0,12.0
608723,Austin Voth,toronto blue jays,1,1,3,0,1,12,49,2.6666666666666665,3.375,3.375,0.0,3.375
669620,Brady Basso,athletics,1,1,5,1,2,14,45,2.6666666666666665,3.375,3.375,3.375,6.75
675919,Nick Raquet,baltimore orioles,1,2,3,1,3,14,64,2.6666666666666665,3.375,6.75,3.375,10.125
688297,Chris Roycroft,st. louis cardinals,1,3,6,0,3,18,64,2.6666666666666665,3.375,10.125,0.0,10.125
592826,Vince Velasquez,chicago cubs,1,0,1,0,0,8,31,2.3333333333333335,3.8571428571428568,0.0,0.0,0.0
650960,Daniel Duarte,new york mets,1,0,1,0,0,7,28,2.3333333333333335,3.8571428571428568,0.0,0.0,0.0
691769,Philip Abner,arizona diamondbacks,1,1,1,0,2,8,34,2.3333333333333335,3.8571428571428568,3.8571428571428568,0.0,7.7142857142857135
664954,Brett Sullivan,colorado rockies,1,1,5,1,2,12,39,2.333333333333333,3.8571428571428577,3.8571428571428577,3.8571428571428577,7.714285714285715
642546,Jonathan Hernández,los angeles dodgers,1,0,1,1,1,8,27,2.0,4.5,0.0,4.5,4.5
660761,José Suarez,athletics,1,0,2,0,0,8,27,2.0,4.5,0.0,0.0,0.0
660787,Yerry De los Santos,new york yankees,1,2,3,1,1,9,44,2.0,4.5,9.0,4.5,4.5
668834,Easton McGee,milwaukee brewers,1,1,1,0,0,6,22,2.0,4.5,4.5,0.0,0.0
678576,Wilkin Ramos,san francisco giants,1,2,3,0,2,11,40,2.0,4.5,9.0,0.0,9.0
680951,Doug Nikhazy,chicago white sox,1,2,1,0,1,9,39,2.0,4.5,9.0,0.0,4.5
683000,Riley Cornelio,washington nationals,1,4,2,0,2,12,42,2.0,4.5,18.0,0.0,9.0
686930,Mason Barnett,athletics,1,2,1,0,0,9,43,2.0,4.5,9.0,0.0,0.0
691594,Javier Sanoja,miami marlins,1,0,1,0,0,7,22,2.0,4.5,0.0,0.0,0.0
696136,Jordan Wicks,chicago cubs,1,0,4,0,3,10,49,2.0,4.5,0.0,0.0,13.5
489446,Kirby Yates,los angeles angels,1,1,3,1,2,10,30,1.6666666666666665,5.4,5.4,5.4,10.8
687209,Zach Maxwell,cincinnati reds,1,3,5,2,5,13,71,1.6666666666666665,5.4,16.200000000000003,10.8,27.000000000000004
695445,Chase Lee,toronto blue jays,1,2,1,1,1,8,34,1.6666666666666665,5.4,10.8,5.4,5.4
621053,Tyler Ferguson,athletics,1,0,4,2,4,8,26,1.3333333333333333,6.75,0.0,13.5,27.0
805326,Tyler Schweitzer,chicago white sox,1,1,2,0,1,7,26,1.3333333333333333,6.75,6.75,0.0,6.75
641656,Ian Hamilton,atlanta braves,1,2,2,0,3,7,31,1.0,9.0,18.0,0.0,27.0
664731,P.J. Higgins,cincinnati reds,1,0,0,0,0,3,10,1.0,9.0,0.0,0.0,0.0
668670,Jake Rogers,detroit tigers,1,0,2,0,0,5,14,1.0,9.0,0.0,0.0,0.0
676702,Hunter Stratton,atlanta braves,1,0,1,0,0,3,12,1.0,9.0,0.0,0.0,0.0
680604,Blas Castaño,colorado rockies,1,0,0,0,0,2,10,1.0,9.0,0.0,0.0,0.0
681432,Luke Little,chicago cubs,1,0,2,1,1,5,19,1.0,9.0,0.0,9.0,9.0
687473,Ryan Gusto,miami marlins,1,0,0,0,0,3,12,1.0,9.0,0.0,0.0,0.0
689546,Nick Davila,seattle mariners,1,1,1,0,0,4,16,1.0,9.0,9.0,0.0,0.0
594027,Tyron Guerrero,boston red sox,1,0,1,0,0,3,15,0.6666666666666666,13.5,0.0,0.0,0.0
671111,Sammy Peralta,colorado rockies,1,2,2,0,2,7,23,0.6666666666666666,13.5,27.0,0.0,27.0
687985,Josh White,miami marlins,1,4,1,1,5,8,43,0.6666666666666666,13.5,54.0,13.5,67.5
621345,A.J. Minter,new york mets,1,0,1,0,0,2,9,0.3333333333333333,27.0,0.0,0.0,0.0
543510,James McCann,arizona diamondbacks,0,3,9,1,5,23,63,4.0,0.0,6.75,2.25,11.25
472610,Luis García,minnesota twins,0,2,5,0,6,16,63,3.0,0.0,6.0,0.0,18.0
623168,Tyler Heineman,toronto blue jays,0,1,7,1,5,17,38,3.0,0.0,3.0,3.0,15.0
699151,Jedixson Paez,chicago white sox,0,3,4,2,6,16,65,3.0,0.0,9.0,6.0,18.0
642215,Weston Wilson,baltimore orioles,0,0,6,2,4,13,41,2.333333333333333,0.0,0.0,7.714285714285715,15.42857142857143
663878,Nate Pearson,houston astros,0,0,1,0,0,6,23,2.0,0.0,0.0,0.0,0.0
682989,Victor Mederos,atlanta braves,0,1,0,0,0,6,25,2.0,0.0,4.5,0.0,0.0
683627,Anthony Molina,atlanta braves,0,1,0,0,0,6,26,2.0,0.0,4.5,0.0,0.0
664238,Dylan Moore,philadelphia phillies,0,1,1,0,1,8,21,1.6666666666666665,0.0,5.4,0.0,5.4
656529,Sam Hentges,san francisco giants,0,1,0,0,0,5,16,1.3333333333333333,0.0,6.75,0.0,0.0
684320,Yariel Rodríguez,toronto blue jays,0,1,5,2,4,9,37,1.3333333333333333,0.0,6.75,13.5,27.0
500743,Miguel Rojas,los angeles dodgers,0,1,1,0,1,6,18,1.0,0.0,9.0,0.0,9.0
606115,Orlando Arcia,minnesota twins,0,2,1,0,1,5,14,1.0,0.0,18.0,0.0,9.0
622761,Jorge Mateo,atlanta braves,0,0,1,0,0,4,11,1.0,0.0,0.0,0.0,0.0
624512,Reese McGuire,chicago white sox,0,0,0,0,0,3,9,1.0,0.0,0.0,0.0,0.0
663941,Tristan Beck,san francisco giants,0,1,3,0,2,7,26,1.0,0.0,9.0,0.0,18.0
664744,Jose Espada,baltimore orioles,0,0,2,0,0,4,15,1.0,0.0,0.0,0.0,0.0
671083,Buddy Kennedy,san francisco giants,0,2,4,0,4,9,39,1.0,0.0,18.0,0.0,36.0
683766,Christian Koss,san francisco giants,0,0,0,0,0,3,9,1.0,0.0,0.0,0.0,0.0
686894,Joey Wiemer,washington nationals,0,1,2,0,1,7,21,1.0,0.0,9.0,0.0,9.0
696522,Hayden Juenger,toronto blue jays,0,2,2,0,3,7,36,1.0,0.0,18.0,0.0,27.0
701474,Duncan Davitt,chicago white sox,0,1,0,0,0,3,14,1.0,0.0,9.0,0.0,0.0
804619,John Klein,minnesota twins,0,0,0,0,0,3,12,1.0,0.0,0.0,0.0,0.0
810938,Ben Williamson,tampa bay rays,0,0,1,1,1,4,7,1.0,0.0,0.0,9.0,9.0
642152,Lou Trivino,baltimore orioles,0,3,4,0,6,9,31,0.6666666666666666,0.0,40.5,0.0,81.0
678391,Jorbit Vivas,washington nationals,0,0,4,0,3,6,12,0.6666666666666666,0.0,0.0,0.0,40.5
686475,Tyler Tolbert,kansas city royals,0,0,1,0,0,2,5,0.6666666666666666,0.0,0.0,0.0,0.0
805427,Drew Sommers,detroit tigers,0,1,0,0,0,3,18,0.6666666666666666,0.0,13.5,0.0,0.0
595978,Austin Hedges,cleveland guardians,0,0,0,0,0,1,4,0.3333333333333333,0.0,0.0,0.0,0.0
608032,Carlos Estévez,kansas city royals,0,2,4,1,6,7,27,0.3333333333333333,0.0,54.0,27.0,162.0
622088,Tejay Antone,cincinnati reds,0,1,0,0,0,2,7,0.3333333333333333,0.0,27.0,0.0,0.0
624428,Adam Frazier,los angeles angels,0,1,1,0,0,3,11,0.3333333333333333,0.0,27.0,0.0,0.0
676051,Codi Heuer,cleveland guardians,0,0,2,0,1,3,8,0.3333333333333333,0.0,0.0,0.0,27.0
689225,Beau Brieske,detroit tigers,0,3,0,0,3,4,25,0.3333333333333333,0.0,81.0,0.0,81.0
686563,Jonathan Cannon,chicago white sox,0,3,0,0,1,3,14,0.0,,,,
