PLAYER_ID,PLAYER_NAME,TEAM,AT_BATS,HITS,DOUBLES,TRIPLES,HOME_RUNS,TOTAL_BASES,RUNS,RBI,WALKS,STRIKEOUTS,STOLEN_BASES,HBP,SAC_FLIES,PA,AVG,OBP,SLG,OPS,HRR
808959,Munetaka Murakami,chicago white sox,141,37,1,0,15,83,29,30,32,55,1,0,1,174,0.2624113475177305,0.39655172413793105,0.5886524822695035,0.9852042064074346,96
670541,Yordan Alvarez,houston astros,157,49,9,0,14,100,28,29,25,27,1,5,1,188,0.31210191082802546,0.42021276595744683,0.6369426751592356,1.0571554411166826,106
592450,Aaron Judge,new york yankees,141,37,6,0,14,85,36,29,29,50,5,2,1,174,0.2624113475177305,0.3930635838150289,0.6028368794326241,0.995900463247653,102
621566,Matt Olson,atlanta braves,162,48,16,0,13,103,36,37,24,40,0,0,2,188,0.2962962962962963,0.3829787234042553,0.6358024691358025,1.0187811925400578,121
700250,Ben Rice,new york yankees,126,42,11,2,13,96,33,36,23,34,2,1,2,152,0.3333333333333333,0.4342105263157895,0.7619047619047619,1.1961152882205512,111
695578,James Wood,washington nationals,163,41,10,0,12,87,37,32,34,62,6,2,0,199,0.25153374233128833,0.3869346733668342,0.5337423312883436,0.9206770046551778,110
621439,Byron Buxton,minnesota twins,156,39,7,1,12,84,28,18,10,41,3,3,1,170,0.25,0.3058823529411765,0.5384615384615384,0.8443438914027149,85
545361,Mike Trout,los angeles angels,145,36,5,0,12,77,34,24,43,44,5,3,0,191,0.2482758620689655,0.4293193717277487,0.5310344827586206,0.9603538544863693,94
701398,Sal Stewart,cincinnati reds,158,44,7,0,11,84,25,32,21,31,7,0,2,181,0.27848101265822783,0.35911602209944754,0.5316455696202531,0.8907615917197007,101
683002,Gunnar Henderson,baltimore orioles,171,39,7,1,11,81,26,23,12,56,5,1,1,185,0.22807017543859648,0.2810810810810811,0.47368421052631576,0.7547652916073968,88
691406,Junior Caminero,tampa bay rays,151,42,4,0,11,79,28,22,26,28,0,0,1,178,0.2781456953642384,0.38202247191011235,0.5231788079470199,0.9052012798571323,92
666160,Mickey Moniak,colorado rockies,109,34,7,1,11,76,19,21,7,28,1,2,1,119,0.3119266055045872,0.36134453781512604,0.6972477064220184,1.0585922442371445,74
656941,Kyle Schwarber,philadelphia phillies,140,29,6,1,11,70,22,21,26,55,0,4,0,170,0.20714285714285716,0.34705882352941175,0.5,0.8470588235294118,72
672960,Kazuma Okamoto,toronto blue jays,147,34,2,0,11,69,23,24,19,54,0,1,0,167,0.23129251700680273,0.32335329341317365,0.46938775510204084,0.7927410485152144,81
669127,Shea Langeliers,athletics,149,47,9,0,10,86,26,18,15,35,0,2,0,166,0.31543624161073824,0.3855421686746988,0.5771812080536913,0.9627233767283901,91
682829,Elly De La Cruz,cincinnati reds,159,42,6,1,10,80,31,26,20,52,9,1,0,180,0.2641509433962264,0.35,0.5031446540880503,0.8531446540880503,99
571970,Max Muncy,los angeles dodgers,137,37,6,0,10,73,27,14,22,39,0,0,0,159,0.27007299270072993,0.3710691823899371,0.5328467153284672,0.9039158977184043,78
695657,Colson Montgomery,chicago white sox,152,32,7,0,10,69,17,25,17,54,1,7,0,176,0.21052631578947367,0.3181818181818182,0.45394736842105265,0.7721291866028708,74
696100,Hunter Goodman,colorado rockies,145,30,7,0,10,67,27,18,11,60,1,4,0,160,0.20689655172413793,0.28125,0.46206896551724136,0.7433189655172414,75
686948,Drake Baldwin,atlanta braves,153,47,5,0,9,79,33,30,17,33,1,3,0,173,0.30718954248366015,0.3872832369942196,0.5163398692810458,0.9036231062752654,110
572233,Christian Walker,houston astros,154,43,9,0,9,79,24,28,16,32,0,2,1,173,0.2792207792207792,0.35260115606936415,0.512987012987013,0.8655881690563771,95
682928,CJ Abrams,washington nationals,145,44,7,0,9,78,24,33,18,31,8,8,3,174,0.30344827586206896,0.40229885057471265,0.5379310344827586,0.9402298850574713,101
547180,Bryce Harper,philadelphia phillies,149,38,9,1,9,76,23,24,22,31,3,0,2,173,0.2550335570469799,0.3468208092485549,0.5100671140939598,0.8568879233425146,85
575929,Willson Contreras,boston red sox,144,41,4,1,9,74,21,27,17,45,1,7,2,170,0.2847222222222222,0.38235294117647056,0.5138888888888888,0.8962418300653594,89
691023,Jordan Walker,st. louis cardinals,144,41,6,0,9,74,28,23,14,47,5,2,1,161,0.2847222222222222,0.35403726708074534,0.5138888888888888,0.8679261559696342,92
665833,Oneil Cruz,pittsburgh pirates,158,39,6,0,9,72,27,30,15,61,11,1,0,174,0.2468354430379747,0.3160919540229885,0.45569620253164556,0.7717881565546341,96
664040,Brandon Lowe,pittsburgh pirates,134,34,9,0,9,70,22,25,19,34,0,1,0,154,0.2537313432835821,0.35064935064935066,0.5223880597014925,0.8730374103508431,81
689414,Liam Hicks,miami marlins,125,38,4,0,9,69,21,35,12,15,1,3,4,144,0.304,0.3680555555555556,0.552,0.9200555555555556,94
624585,Jorge Soler,los angeles angels,147,35,5,1,9,69,20,31,15,52,0,3,3,168,0.23809523809523808,0.31547619047619047,0.46938775510204084,0.7848639455782314,86
664023,Ian Happ,chicago cubs,148,32,6,1,9,67,27,20,27,55,1,2,0,177,0.21621621621621623,0.3446327683615819,0.4527027027027027,0.7973354710642846,79
678246,Miguel Vargas,chicago white sox,145,32,5,1,9,66,29,22,29,32,7,3,1,178,0.2206896551724138,0.3595505617977528,0.45517241379310347,0.8147229755908563,83
645277,Ozzie Albies,atlanta braves,160,51,8,0,8,83,31,25,15,20,0,1,4,180,0.31875,0.37222222222222223,0.51875,0.8909722222222223,107
660271,Shohei Ohtani,los angeles dodgers,148,41,9,0,8,74,28,17,29,39,4,4,2,184,0.27702702702702703,0.40437158469945356,0.5,0.9043715846994536,86
666018,Jonathan Aranda,tampa bay rays,150,40,6,0,8,70,24,33,23,43,0,1,3,177,0.26666666666666666,0.3615819209039548,0.4666666666666667,0.8282485875706215,97
802139,JJ Wetherholt,st. louis cardinals,151,39,6,0,8,69,31,20,18,29,5,6,2,177,0.2582781456953642,0.3559322033898305,0.45695364238410596,0.8128858457739365,90
671739,Michael Harris II,atlanta braves,131,40,4,0,8,68,16,24,8,27,3,0,1,140,0.3053435114503817,0.34285714285714286,0.5190839694656488,0.8619411123227917,80
606466,Ketel Marte,arizona diamondbacks,155,38,4,1,8,68,26,23,12,28,0,0,2,169,0.24516129032258063,0.2958579881656805,0.43870967741935485,0.7345676655850353,87
693307,Dillon Dingler,detroit tigers,126,34,9,0,8,67,16,31,9,24,0,3,0,140,0.2698412698412698,0.3333333333333333,0.5317460317460317,0.8650793650793651,81
680776,Jarren Duran,boston red sox,141,33,6,1,8,65,25,26,14,39,7,1,1,157,0.23404255319148937,0.3057324840764331,0.46099290780141844,0.7667253918778516,84
679529,Spencer Torkelson,detroit tigers,134,30,9,0,8,63,14,18,21,49,0,2,0,157,0.22388059701492538,0.3375796178343949,0.4701492537313433,0.8077288715657382,62
665742,Juan Soto,new york mets,97,32,4,0,8,60,16,19,15,18,1,0,0,113,0.32989690721649484,0.41964285714285715,0.6185567010309279,1.038199558173785,67
669477,Casey Schmitt,san francisco giants,134,40,8,1,7,71,16,21,5,28,4,3,1,143,0.29850746268656714,0.3356643356643357,0.5298507462686567,0.8655150819329924,77
624413,Pete Alonso,baltimore orioles,154,38,11,0,7,70,29,22,22,41,2,1,0,177,0.24675324675324675,0.3446327683615819,0.45454545454545453,0.7991782229070364,89
608070,José Ramírez,cleveland guardians,156,34,11,0,7,66,23,20,27,25,13,0,1,184,0.21794871794871795,0.33152173913043476,0.4230769230769231,0.7545986622073578,77
687263,Zach Neto,los angeles angels,167,34,9,0,7,64,26,18,23,61,7,3,0,193,0.20359281437125748,0.31088082901554404,0.38323353293413176,0.6941143619496758,78
686797,Brooks Lee,minnesota twins,132,36,4,1,7,63,19,24,9,31,2,1,0,142,0.2727272727272727,0.323943661971831,0.4772727272727273,0.8012163892445583,79
669394,Jake Burger,texas rangers,161,35,7,0,7,63,16,23,10,48,0,1,1,173,0.21739130434782608,0.2658959537572254,0.391304347826087,0.6572003015833123,74
641343,Jake Bauers,milwaukee brewers,134,34,6,0,7,61,25,27,17,34,3,1,0,152,0.2537313432835821,0.34210526315789475,0.4552238805970149,0.7973291437549097,86
571448,Nolan Arenado,arizona diamondbacks,125,34,5,0,7,60,19,22,8,29,0,1,1,135,0.272,0.31851851851851853,0.48,0.7985185185185185,75
621020,Dansby Swanson,chicago cubs,134,27,3,1,7,53,28,26,23,35,3,1,3,161,0.20149253731343283,0.3167701863354037,0.39552238805970147,0.7122925743951052,81
663728,Cal Raleigh,seattle mariners,133,24,4,0,7,49,13,18,16,46,2,0,2,151,0.18045112781954886,0.26490066225165565,0.3684210526315789,0.6333217148832346,55
687221,Dalton Rushing,los angeles dodgers,57,18,2,0,7,41,13,17,4,16,0,3,0,64,0.3157894736842105,0.390625,0.7192982456140351,1.109923245614035,48
681624,Andy Pages,los angeles dodgers,155,48,9,1,6,77,21,29,10,35,6,1,3,169,0.3096774193548387,0.34911242603550297,0.4967741935483871,0.8458866195838901,98
650490,Yandy Díaz,tampa bay rays,143,49,7,1,6,76,25,29,16,18,1,6,0,165,0.34265734265734266,0.4303030303030303,0.5314685314685315,0.9617715617715618,103
518692,Freddie Freeman,los angeles dodgers,160,45,11,1,6,76,16,25,13,28,0,1,2,176,0.28125,0.3352272727272727,0.475,0.8102272727272727,86
545121,Ildemaro Vargas,arizona diamondbacks,130,46,7,2,6,75,22,24,4,12,0,0,1,137,0.35384615384615387,0.37037037037037035,0.5769230769230769,0.9472934472934472,92
641355,Cody Bellinger,new york yankees,141,41,11,2,6,74,24,29,23,22,4,0,3,167,0.2907801418439716,0.38323353293413176,0.524822695035461,0.9080562279695927,94
668930,Brice Turang,milwaukee brewers,137,41,9,2,6,72,33,26,32,37,7,0,1,171,0.29927007299270075,0.4294117647058823,0.5255474452554745,0.9549592099613569,100
800050,Chase DeLauter,cleveland guardians,137,42,8,1,6,70,17,25,19,19,2,0,1,157,0.30656934306569344,0.3885350318471338,0.5109489051094891,0.8994839369566229,84
677594,Julio Rodríguez,seattle mariners,172,43,8,0,6,69,21,20,13,41,3,2,0,187,0.25,0.31016042780748665,0.4011627906976744,0.711323218505161,84
607208,Trea Turner,philadelphia phillies,163,40,8,0,6,66,27,15,14,35,7,0,0,177,0.24539877300613497,0.3050847457627119,0.4049079754601227,0.7099927212228345,82
676475,Alec Burleson,st. louis cardinals,146,40,8,0,6,66,21,30,18,24,1,2,1,167,0.273972602739726,0.3592814371257485,0.4520547945205479,0.8113362316462964,91
642715,Willy Adames,san francisco giants,157,35,13,0,6,66,17,12,9,51,1,1,0,167,0.2229299363057325,0.2694610778443114,0.42038216560509556,0.689843243449407,64
656811,Ryan O'Hearn,pittsburgh pirates,127,39,5,0,6,62,21,25,16,29,1,2,2,147,0.30708661417322836,0.3877551020408163,0.4881889763779528,0.8759440784187691,85
593428,Xander Bogaerts,san diego padres,144,37,2,0,6,57,17,20,17,26,4,0,0,161,0.2569444444444444,0.33540372670807456,0.3958333333333333,0.7312370600414079,74
521692,Salvador Perez,kansas city royals,155,33,5,0,6,56,15,17,6,34,0,5,1,167,0.2129032258064516,0.2634730538922156,0.36129032258064514,0.6247633764728607,65
669236,Jeremiah Jackson,baltimore orioles,125,32,4,0,6,54,11,24,2,28,1,1,1,129,0.256,0.2713178294573643,0.432,0.7033178294573643,67
663586,Austin Riley,atlanta braves,157,30,6,0,6,54,21,26,15,47,3,3,2,177,0.1910828025477707,0.2711864406779661,0.34394904458598724,0.6151354852639533,77
694212,Samuel Basallo,baltimore orioles,108,29,5,1,6,54,13,16,11,32,0,0,0,119,0.26851851851851855,0.33613445378151263,0.5,0.8361344537815126,58
673548,Seiya Suzuki,chicago cubs,104,31,2,0,6,51,17,14,14,30,0,2,1,121,0.2980769230769231,0.3884297520661157,0.49038461538461536,0.878814367450731,62
608369,Corey Seager,texas rangers,126,26,6,0,6,50,20,17,19,39,1,1,2,148,0.20634920634920634,0.3108108108108108,0.3968253968253968,0.7076362076362076,63
669357,Nolan Gorman,st. louis cardinals,126,28,3,0,6,49,13,23,13,39,0,0,3,142,0.2222222222222222,0.2887323943661972,0.3888888888888889,0.6776212832550861,64
592518,Manny Machado,san diego padres,136,27,4,0,6,49,20,20,20,35,1,0,2,158,0.19852941176470587,0.2974683544303797,0.3602941176470588,0.6577624720774385,67
694208,Moisés Ballesteros,chicago cubs,91,26,5,0,6,49,14,18,10,17,0,0,1,102,0.2857142857142857,0.35294117647058826,0.5384615384615384,0.8914027149321266,58
681481,Kerry Carpenter,detroit tigers,101,24,3,2,6,49,11,16,11,40,0,2,1,115,0.2376237623762376,0.3217391304347826,0.48514851485148514,0.8068876452862677,51
663993,Nathaniel Lowe,cincinnati reds,88,23,7,0,6,48,11,20,11,21,0,0,0,99,0.26136363636363635,0.3434343434343434,0.5454545454545454,0.8888888888888888,54
695600,Carter Jensen,kansas city royals,125,26,3,0,6,47,16,17,15,45,0,1,1,142,0.208,0.29577464788732394,0.376,0.6717746478873239,59
670042,Luke Raley,seattle mariners,103,24,5,0,6,47,12,16,7,42,0,3,0,114,0.23300970873786409,0.3008849557522124,0.4563106796116505,0.7571956353638629,52
682985,Riley Greene,detroit tigers,149,47,11,0,5,73,26,24,23,48,1,2,0,174,0.31543624161073824,0.41379310344827586,0.4899328859060403,0.9037259893543161,97
677800,Wilyer Abreu,boston red sox,156,47,6,1,5,70,19,20,19,33,3,0,0,175,0.30128205128205127,0.37714285714285717,0.44871794871794873,0.8258608058608059,86
607043,Brandon Nimmo,texas rangers,152,44,7,1,5,68,20,16,14,36,2,5,1,172,0.2894736842105263,0.36627906976744184,0.4473684210526316,0.8136474908200735,80
666176,Jo Adell,los angeles angels,172,43,3,0,5,61,16,22,4,37,3,4,1,181,0.25,0.281767955801105,0.3546511627906977,0.6364191185918027,81
666182,Bo Bichette,new york mets,168,40,6,0,5,61,22,23,11,32,1,0,2,181,0.23809523809523808,0.281767955801105,0.3630952380952381,0.6448631938963431,85
668715,Spencer Steer,cincinnati reds,137,37,8,0,5,60,17,12,13,37,2,3,1,154,0.27007299270072993,0.34415584415584416,0.43795620437956206,0.7821120485354063,66
701762,Nick Kurtz,athletics,143,36,8,0,5,59,24,23,38,56,4,0,0,181,0.2517482517482518,0.4088397790055249,0.4125874125874126,0.8214271915929374,83
605137,Josh Bell,minnesota twins,145,37,6,0,5,58,24,23,15,31,0,1,1,162,0.25517241379310346,0.3271604938271605,0.4,0.7271604938271605,84
682657,Angel Martínez,cleveland guardians,124,34,7,1,5,58,15,19,4,22,5,2,1,134,0.27419354838709675,0.3053435114503817,0.46774193548387094,0.7730854469342526,68
695506,Jac Caglianone,kansas city royals,127,33,7,1,5,57,16,11,13,46,0,2,0,142,0.25984251968503935,0.3380281690140845,0.44881889763779526,0.7868470666518798,60
647304,Josh Naylor,seattle mariners,156,38,3,0,5,56,11,19,13,28,8,1,1,172,0.24358974358974358,0.30409356725146197,0.358974358974359,0.663067926225821,68
671056,Iván Herrera,st. louis cardinals,141,34,7,0,5,56,22,20,28,30,1,7,1,177,0.24113475177304963,0.3898305084745763,0.3971631205673759,0.7869936290419521,76
657656,Ramón Laureano,san diego padres,133,31,5,2,5,55,16,19,11,45,5,1,2,147,0.23308270676691728,0.2925170068027211,0.41353383458646614,0.7060508413891873,66
668939,Adley Rutschman,baltimore orioles,95,29,8,0,5,52,13,21,9,13,0,0,1,105,0.30526315789473685,0.3619047619047619,0.5473684210526316,0.9092731829573935,63
606192,Teoscar Hernández,los angeles dodgers,127,30,5,0,5,50,19,19,14,40,1,0,2,143,0.23622047244094488,0.3076923076923077,0.3937007874015748,0.7013930950938825,68
665862,Jazz Chisholm Jr.,new york yankees,134,30,4,0,5,49,18,15,16,41,10,0,1,151,0.22388059701492538,0.304635761589404,0.3656716417910448,0.6703074033804488,63
681082,Bryson Stott,philadelphia phillies,123,26,4,2,5,49,11,16,7,23,6,1,0,133,0.21138211382113822,0.2595419847328244,0.3983739837398374,0.6579159684726619,53
701675,Nathan Church,st. louis cardinals,106,27,4,0,5,46,14,16,3,27,3,1,2,112,0.25471698113207547,0.2767857142857143,0.4339622641509434,0.7107479784366577,57
642086,Dominic Smith,atlanta braves,79,25,2,1,5,44,14,20,4,14,0,1,1,86,0.31645569620253167,0.35294117647058826,0.5569620253164557,0.9099032017870439,59
663757,Trent Grisham,new york yankees,117,22,6,0,5,43,26,20,26,22,3,0,2,145,0.18803418803418803,0.3310344827586207,0.36752136752136755,0.6985558502799882,68
641857,Ryan McMahon,new york yankees,97,22,2,0,5,39,12,14,9,31,2,0,0,106,0.2268041237113402,0.29245283018867924,0.4020618556701031,0.6945146858587823,48
596142,Gary Sánchez,milwaukee brewers,74,15,2,1,5,34,11,14,17,19,0,1,0,92,0.20270270270270271,0.358695652173913,0.4594594594594595,0.8181551116333725,40
666139,Josh Lowe,los angeles angels,103,16,2,0,5,33,8,14,5,32,1,1,1,111,0.1553398058252427,0.2,0.32038834951456313,0.5203883495145631,38
667670,Brent Rooker,athletics,90,16,1,0,5,32,10,16,8,31,2,0,2,100,0.17777777777777778,0.24,0.35555555555555557,0.5955555555555556,42
668709,JJ Bleday,cincinnati reds,47,13,4,0,5,32,9,9,8,11,0,0,1,56,0.2765957446808511,0.375,0.6808510638297872,1.0558510638297873,31
672640,Otto Lopez,miami marlins,164,59,9,2,4,84,27,17,8,30,8,3,1,176,0.3597560975609756,0.3977272727272727,0.5121951219512195,0.9099223946784922,103
669364,Xavier Edwards,miami marlins,156,52,8,2,4,76,29,14,24,17,7,0,0,181,0.3333333333333333,0.4222222222222222,0.48717948717948717,0.9094017094017094,95
673962,Josh Jung,texas rangers,143,48,14,0,4,74,17,22,14,22,1,1,1,159,0.3356643356643357,0.39622641509433965,0.5174825174825175,0.9137089325768571,87
663538,Nico Hoerner,chicago cubs,159,48,11,0,4,71,20,29,19,16,7,4,3,185,0.3018867924528302,0.3837837837837838,0.44654088050314467,0.8303246642869284,97
682998,Corbin Carroll,arizona diamondbacks,132,35,9,6,4,68,25,19,19,40,4,1,2,154,0.26515151515151514,0.35714285714285715,0.5151515151515151,0.8722943722943723,79
668227,Randy Arozarena,seattle mariners,154,40,11,1,4,65,30,15,18,42,11,6,2,180,0.2597402597402597,0.35555555555555557,0.42207792207792205,0.7776334776334777,85
668804,Bryan Reynolds,pittsburgh pirates,143,36,8,2,4,60,29,26,31,47,1,4,1,179,0.2517482517482518,0.39664804469273746,0.4195804195804196,0.816228464273157,91
608324,Alex Bregman,chicago cubs,165,39,6,1,4,59,15,14,20,30,1,1,1,187,0.23636363636363636,0.32085561497326204,0.3575757575757576,0.6784313725490196,68
669016,Brandon Marsh,philadelphia phillies,126,39,7,0,4,58,18,18,6,31,4,1,2,135,0.30952380952380953,0.34074074074074073,0.4603174603174603,0.801058201058201,75
702284,Cole Young,seattle mariners,149,39,5,1,4,58,24,21,16,38,2,3,1,170,0.26174496644295303,0.3431952662721893,0.38926174496644295,0.7324570112386323,84
681198,TJ Rumfield,colorado rockies,144,37,6,1,4,57,13,22,14,25,0,1,2,161,0.2569444444444444,0.32298136645962733,0.3958333333333333,0.7188146997929606,72
701538,Jackson Merrill,san diego padres,147,37,8,0,4,57,23,18,11,37,8,1,0,161,0.25170068027210885,0.3081761006289308,0.3877551020408163,0.6959312026697471,78
691016,Tyler Soderstrom,athletics,141,31,12,1,4,57,18,22,18,34,1,0,1,160,0.2198581560283688,0.30625,0.40425531914893614,0.7105053191489361,71
663656,Kyle Tucker,los angeles dodgers,151,36,8,0,4,56,25,21,22,34,4,0,2,175,0.23841059602649006,0.3314285714285714,0.3708609271523179,0.7022894985808893,82
662139,Daulton Varsho,toronto blue jays,138,35,8,0,4,55,16,10,11,29,3,2,0,151,0.2536231884057971,0.31788079470198677,0.39855072463768115,0.716431519339668,61
609280,Miguel Andujar,san diego padres,103,31,7,2,4,54,11,13,4,20,1,1,0,108,0.30097087378640774,0.3333333333333333,0.5242718446601942,0.8576051779935274,55
666126,Carlos Cortes,athletics,88,33,6,1,4,53,11,13,13,9,0,2,0,103,0.375,0.46601941747572817,0.6022727272727273,1.0682921447484555,57
670623,Isaac Paredes,houston astros,131,33,7,0,4,52,17,17,14,26,0,5,0,150,0.25190839694656486,0.3466666666666667,0.3969465648854962,0.7436132315521629,67
676609,José Caballero,new york yankees,127,32,6,0,4,50,17,13,7,29,14,3,0,137,0.25196850393700787,0.30656934306569344,0.3937007874015748,0.7002701304672683,62
672724,Oswald Peraza,los angeles angels,112,31,7,0,4,50,12,9,7,29,6,4,0,124,0.2767857142857143,0.34146341463414637,0.44642857142857145,0.7878919860627178,52
660821,Jesús Sánchez,toronto blue jays,122,32,5,0,4,49,11,17,6,24,1,2,3,133,0.26229508196721313,0.3007518796992481,0.4016393442622951,0.7023912239615432,60
701358,Cam Smith,houston astros,139,31,6,0,4,49,18,17,14,43,4,3,2,159,0.22302158273381295,0.3037974683544304,0.35251798561151076,0.6563154539659412,66
696285,Jacob Young,washington nationals,130,29,6,0,4,47,13,19,6,28,2,2,0,139,0.2230769230769231,0.26811594202898553,0.36153846153846153,0.6296544035674471,61
682177,Daniel Schneemann,cleveland guardians,104,28,7,0,4,47,13,14,10,32,2,0,0,114,0.2692307692307692,0.3333333333333333,0.4519230769230769,0.7852564102564102,55
686469,Vinnie Pasquantino,kansas city royals,145,26,4,2,4,46,15,19,18,37,1,1,4,168,0.1793103448275862,0.26785714285714285,0.31724137931034485,0.5850985221674877,60
701807,Carson Benge,new york mets,126,29,4,0,4,45,19,14,12,28,6,0,0,138,0.23015873015873015,0.2971014492753623,0.35714285714285715,0.6542443064182195,62
691781,Brady House,washington nationals,121,28,4,0,4,44,15,16,11,40,1,0,0,132,0.23140495867768596,0.29545454545454547,0.36363636363636365,0.6590909090909092,59
668901,Mark Vientos,new york mets,110,26,6,0,4,44,12,14,6,28,0,0,1,117,0.23636363636363636,0.27350427350427353,0.4,0.6735042735042736,52
680777,Ryan Jeffers,minnesota twins,94,26,4,1,4,44,19,21,16,19,1,1,1,113,0.2765957446808511,0.38392857142857145,0.46808510638297873,0.8520136778115501,66
657757,Gavin Sheets,san diego padres,114,23,9,0,4,44,13,12,7,31,2,1,0,122,0.20175438596491227,0.2540983606557377,0.38596491228070173,0.6400632729364395,48
687462,Spencer Horwitz,pittsburgh pirates,110,27,4,0,4,43,14,15,18,16,0,1,2,131,0.24545454545454545,0.3511450381679389,0.39090909090909093,0.7420541290770298,56
686527,Dominic Canzone,seattle mariners,83,23,8,0,4,43,13,14,9,21,1,2,1,95,0.27710843373493976,0.35789473684210527,0.5180722891566265,0.8759670259987318,50
678554,Curtis Mead,washington nationals,93,22,7,0,4,41,15,15,11,18,2,1,0,105,0.23655913978494625,0.3238095238095238,0.44086021505376344,0.7646697388632873,52
641487,J.P. Crawford,seattle mariners,117,25,3,0,4,40,18,11,23,29,1,3,0,143,0.21367521367521367,0.35664335664335667,0.3418803418803419,0.6985236985236986,54
686681,Michael Massey,kansas city royals,80,21,7,0,4,40,10,12,4,22,1,0,2,86,0.2625,0.29069767441860467,0.5,0.7906976744186047,43
592626,Joc Pederson,texas rangers,97,24,2,0,4,38,16,11,15,24,0,1,3,117,0.24742268041237114,0.3448275862068966,0.3917525773195876,0.7365801635264841,51
553993,Eugenio Suárez,cincinnati reds,100,23,3,0,4,38,11,13,12,34,0,0,1,113,0.23,0.30973451327433627,0.38,0.6897345132743362,47
682626,Francisco Alvarez,new york mets,96,22,4,0,4,38,9,8,9,24,0,2,1,110,0.22916666666666666,0.3055555555555556,0.3958333333333333,0.7013888888888888,39
665019,Kody Clemens,minnesota twins,101,20,4,0,4,36,14,10,13,30,3,3,0,118,0.19801980198019803,0.3076923076923077,0.3564356435643564,0.6641279512566641,44
656484,Tristan Gray,minnesota twins,70,18,1,0,4,31,10,18,5,22,0,1,2,79,0.2571428571428571,0.3076923076923077,0.44285714285714284,0.7505494505494505,46
642708,Amed Rosario,new york yankees,67,16,1,1,4,31,7,14,5,15,0,0,2,74,0.23880597014925373,0.28378378378378377,0.4626865671641791,0.7464703509479629,37
677951,Bobby Witt Jr.,kansas city royals,167,47,13,1,3,71,18,16,18,35,14,1,2,188,0.281437125748503,0.35106382978723405,0.4251497005988024,0.7762135303860365,81
661388,William Contreras,milwaukee brewers,150,45,8,0,3,62,24,25,15,16,1,0,2,167,0.3,0.3592814371257485,0.41333333333333333,0.7726147704590818,94
805367,Chase Meidroth,chicago white sox,149,42,8,0,3,59,26,10,18,41,1,0,1,171,0.28187919463087246,0.35714285714285715,0.3959731543624161,0.7531160115052733,78
672580,Maikel Garcia,kansas city royals,150,37,10,1,3,58,19,13,14,27,4,0,2,166,0.24666666666666667,0.3072289156626506,0.38666666666666666,0.6938955823293173,69
695734,Daylen Lile,washington nationals,165,38,10,0,3,57,24,16,15,33,1,0,2,182,0.23030303030303031,0.29120879120879123,0.34545454545454546,0.6366633366633367,78
646240,Rafael Devers,san francisco giants,157,36,11,0,3,56,14,16,12,51,0,0,2,171,0.22929936305732485,0.2807017543859649,0.35668789808917195,0.6373896524751368,66
660670,Ronald Acuña Jr.,atlanta braves,141,36,9,1,3,56,22,11,25,35,8,3,2,171,0.2553191489361702,0.3742690058479532,0.3971631205673759,0.7714321264153291,69
694384,Nolan Schanuel,los angeles angels,144,36,10,0,3,55,12,20,11,24,0,2,2,159,0.25,0.3081761006289308,0.3819444444444444,0.6901205450733752,68
683737,Michael Busch,chicago cubs,146,35,9,1,3,55,17,21,23,39,0,4,2,175,0.23972602739726026,0.35428571428571426,0.3767123287671233,0.7309980430528376,73
691718,Pete Crow-Armstrong,chicago cubs,155,35,5,2,3,53,24,14,11,50,7,2,0,169,0.22580645161290322,0.2857142857142857,0.3419354838709677,0.6276497695852534,73
665926,Andrés Giménez,toronto blue jays,132,35,6,1,3,52,11,19,8,22,6,1,1,143,0.26515151515151514,0.30985915492957744,0.3939393939393939,0.7037985488689713,65
804606,Konnor Griffin,pittsburgh pirates,118,34,5,2,3,52,18,17,9,35,7,3,1,131,0.288135593220339,0.3511450381679389,0.4406779661016949,0.7918230042696338,69
621043,Carlos Correa,houston astros,122,34,8,0,3,51,22,16,18,26,1,0,1,141,0.2786885245901639,0.36879432624113473,0.4180327868852459,0.7868271131263807,72
677587,Brayan Rocchio,cleveland guardians,131,34,6,1,3,51,19,20,14,16,3,2,0,149,0.2595419847328244,0.3401360544217687,0.3893129770992366,0.7294490315210054,73
671218,Heliot Ramos,san francisco giants,126,32,8,1,3,51,12,15,7,38,0,0,1,134,0.25396825396825395,0.291044776119403,0.40476190476190477,0.6958066808813077,59
514888,Jose Altuve,houston astros,133,32,9,0,3,50,22,9,17,30,1,0,0,151,0.24060150375939848,0.32666666666666666,0.37593984962406013,0.7026065162907268,63
643217,Andrew Benintendi,chicago white sox,127,30,5,2,3,48,12,20,7,43,1,0,2,136,0.23622047244094488,0.27205882352941174,0.3779527559055118,0.6500115794349235,62
666969,Adolis García,philadelphia phillies,141,30,5,1,3,46,10,13,13,43,2,2,3,159,0.2127659574468085,0.2830188679245283,0.3262411347517731,0.6092600026763013,53
543760,Marcus Semien,new york mets,145,31,5,0,3,45,12,17,11,33,4,1,3,161,0.21379310344827587,0.26875,0.3103448275862069,0.5790948275862069,60
681393,Connor Norby,miami marlins,126,27,8,0,3,44,9,12,15,42,3,6,1,148,0.21428571428571427,0.32432432432432434,0.3492063492063492,0.6735306735306735,48
699912,Jose Fernandez,arizona diamondbacks,106,31,3,0,3,43,20,12,5,26,2,1,0,114,0.29245283018867924,0.33035714285714285,0.4056603773584906,0.7360175202156334,63
669257,Will Smith,los angeles dodgers,121,30,4,0,3,43,12,16,13,22,0,0,1,135,0.24793388429752067,0.31851851851851853,0.35537190082644626,0.6738904193449649,58
664728,Kyle Isbel,kansas city royals,98,26,5,0,3,40,11,8,6,25,4,3,0,111,0.2653061224489796,0.32710280373831774,0.40816326530612246,0.7352660690444401,45
686217,Sal Frelick,milwaukee brewers,125,26,5,0,3,40,20,12,15,13,2,1,2,148,0.208,0.2937062937062937,0.32,0.6137062937062937,58
664761,Alec Bohm,philadelphia phillies,141,26,4,0,3,39,9,17,13,25,0,2,3,159,0.18439716312056736,0.2578616352201258,0.2765957446808511,0.5344573799009769,52
686555,Isaac Collins,kansas city royals,113,25,4,0,3,38,15,12,16,41,2,2,1,132,0.22123893805309736,0.32575757575757575,0.336283185840708,0.6620407615982837,52
690976,Alex Freeland,los angeles dodgers,94,24,5,0,3,38,12,9,11,29,0,0,1,108,0.2553191489361702,0.330188679245283,0.40425531914893614,0.7344439983942191,45
807713,Matt Shaw,chicago cubs,82,23,6,0,3,38,10,10,5,16,2,0,1,89,0.2804878048780488,0.3181818181818182,0.4634146341463415,0.7815964523281597,43
656555,Rhys Hoskins,cleveland guardians,93,20,8,0,3,37,16,15,19,32,0,1,2,115,0.21505376344086022,0.34782608695652173,0.3978494623655914,0.7456755493221131,51
519317,Giancarlo Stanton,new york yankees,86,21,6,0,3,36,7,13,6,28,1,0,0,92,0.2441860465116279,0.29347826086956524,0.4186046511627907,0.712082912032356,41
542303,Marcell Ozuna,pittsburgh pirates,121,22,4,0,3,35,10,13,12,36,0,1,0,134,0.18181818181818182,0.26119402985074625,0.2892561983471074,0.5504502281978536,45
686894,Joey Wiemer,washington nationals,60,20,4,1,3,35,13,10,10,25,1,1,0,71,0.3333333333333333,0.43661971830985913,0.5833333333333334,1.0199530516431925,43
686780,Pedro Pagés,st. louis cardinals,83,20,4,0,3,33,9,8,5,22,2,0,1,91,0.24096385542168675,0.2808988764044944,0.39759036144578314,0.6784892378502776,37
680728,Adrian Del Castillo,arizona diamondbacks,80,19,3,1,3,33,7,19,3,27,0,0,1,84,0.2375,0.2619047619047619,0.4125,0.674404761904762,45
694497,Evan Carter,texas rangers,118,19,5,0,3,33,13,9,19,36,6,1,1,142,0.16101694915254236,0.2805755395683453,0.2796610169491525,0.5602365565174978,41
664034,Ty France,san diego padres,62,17,4,1,3,32,8,9,2,8,1,1,0,65,0.27419354838709675,0.3076923076923077,0.5161290322580645,0.8238213399503722,34
671732,Lawrence Butler,athletics,107,20,2,0,3,31,10,14,13,31,4,0,0,120,0.18691588785046728,0.275,0.2897196261682243,0.5647196261682244,44
543807,George Springer,toronto blue jays,86,18,4,0,3,31,5,8,9,19,2,1,0,96,0.20930232558139536,0.2916666666666667,0.36046511627906974,0.6521317829457365,31
669134,Luis Campusano,san diego padres,52,15,7,0,3,31,9,10,5,15,0,1,0,58,0.28846153846153844,0.3620689655172414,0.5961538461538461,0.9582228116710876,34
680869,Zack Gelof,athletics,65,19,2,0,3,30,9,10,3,16,2,1,0,71,0.2923076923076923,0.3333333333333333,0.46153846153846156,0.7948717948717949,38
670242,Matt Wallner,minnesota twins,103,18,3,0,3,30,12,8,10,42,0,4,0,117,0.17475728155339806,0.27350427350427353,0.2912621359223301,0.5647664094266036,38
691723,Coby Mayo,baltimore orioles,100,17,4,0,3,30,11,12,10,30,1,0,1,111,0.17,0.24324324324324326,0.3,0.5432432432432432,40
694728,Brice Matthews,houston astros,80,17,4,0,3,30,8,12,10,33,2,0,1,92,0.2125,0.2967032967032967,0.375,0.6717032967032968,37
660162,Yoán Moncada,los angeles angels,96,17,1,1,3,29,9,9,16,41,1,2,0,114,0.17708333333333334,0.30701754385964913,0.3020833333333333,0.6091008771929824,35
680977,Brendan Donovan,seattle mariners,56,17,3,0,3,29,7,8,9,12,1,5,1,71,0.30357142857142855,0.43661971830985913,0.5178571428571429,0.954476861167002,32
677592,Everson Pereira,chicago white sox,64,16,4,0,3,29,7,7,4,21,1,2,1,71,0.25,0.30985915492957744,0.453125,0.7629841549295775,30
502671,Paul Goldschmidt,new york yankees,61,15,5,0,3,29,13,12,8,14,0,1,0,70,0.2459016393442623,0.34285714285714286,0.47540983606557374,0.8182669789227166,40
622761,Jorge Mateo,atlanta braves,56,16,2,0,3,27,12,6,2,19,4,0,0,58,0.2857142857142857,0.3103448275862069,0.48214285714285715,0.7924876847290641,34
681807,David Fry,cleveland guardians,52,14,2,0,3,25,10,5,12,20,0,0,0,64,0.2692307692307692,0.40625,0.4807692307692308,0.8870192307692308,29
669224,Austin Wells,new york yankees,92,14,1,0,3,24,11,5,21,27,0,0,1,114,0.15217391304347827,0.30701754385964913,0.2608695652173913,0.5678871090770404,30
668904,Royce Lewis,minnesota twins,77,13,2,0,3,24,8,11,9,27,2,2,1,89,0.16883116883116883,0.2696629213483146,0.3116883116883117,0.5813512330366263,32
678218,Brandon Valenzuela,toronto blue jays,61,12,0,0,3,21,7,6,4,20,0,0,0,66,0.19672131147540983,0.24615384615384617,0.3442622950819672,0.5904161412358133,25
608701,Rob Refsnyder,seattle mariners,57,7,0,0,3,16,5,6,4,16,0,0,1,62,0.12280701754385964,0.1774193548387097,0.2807017543859649,0.4581211092246746,18
668952,Ryan Kreidler,minnesota twins,18,4,1,0,3,14,3,7,4,3,0,0,0,22,0.2222222222222222,0.36363636363636365,0.7777777777777778,1.1414141414141414,14
691011,Drew Romo,chicago white sox,24,4,0,0,3,13,4,4,6,4,1,1,0,31,0.16666666666666666,0.3548387096774194,0.5416666666666666,0.896505376344086,12
805808,Kevin McGonigle,detroit tigers,148,46,11,2,2,67,30,16,26,21,5,1,0,175,0.3108108108108108,0.41714285714285715,0.4527027027027027,0.8698455598455599,92
676391,Ernie Clement,toronto blue jays,157,46,14,0,2,66,16,14,6,11,1,0,0,163,0.2929936305732484,0.31901840490797545,0.42038216560509556,0.7394005705130711,76
665489,Vladimir Guerrero Jr.,toronto blue jays,149,47,7,0,2,60,22,18,19,20,3,3,2,173,0.31543624161073824,0.3988439306358382,0.40268456375838924,0.8015284943942274,87
621493,Taylor Ward,baltimore orioles,148,40,14,0,2,60,27,14,34,33,1,1,1,184,0.2702702702702703,0.4076086956521739,0.40540540540540543,0.8130141010575793,81
643289,Mauricio Dubón,atlanta braves,147,40,10,2,2,60,19,21,11,23,0,2,0,160,0.272108843537415,0.33125,0.40816326530612246,0.7394132653061225,80
808982,Jung Hoo Lee,san francisco giants,137,42,9,1,2,59,17,14,10,18,0,0,2,149,0.30656934306569344,0.348993288590604,0.4306569343065693,0.7796502228971733,73
805779,Jacob Wilson,athletics,142,42,8,0,2,56,16,15,4,16,1,0,1,148,0.29577464788732394,0.3129251700680272,0.39436619718309857,0.7072913672511258,73
687859,Troy Johnston,colorado rockies,129,41,9,0,2,56,12,19,10,28,2,1,0,141,0.3178294573643411,0.37142857142857144,0.43410852713178294,0.8055370985603544,72
678882,Ceddanne Rafaela,boston red sox,130,38,6,2,2,54,19,15,6,31,2,5,0,141,0.2923076923076923,0.3475177304964539,0.4153846153846154,0.7629023458810693,72
677649,Ezequiel Duran,texas rangers,97,33,9,2,2,52,15,20,8,20,3,0,0,106,0.3402061855670103,0.3904761904761905,0.5360824742268041,0.9265586647029946,68
643446,Jeff McNeil,athletics,123,37,8,0,2,51,12,13,11,17,1,2,2,139,0.3008130081300813,0.36231884057971014,0.4146341463414634,0.7769529869211735,62
656305,Matt Chapman,san francisco giants,154,36,7,1,2,51,21,15,15,38,0,1,0,170,0.23376623376623376,0.3058823529411765,0.33116883116883117,0.6370511841100077,72
691026,Masyn Winn,st. louis cardinals,129,34,6,1,2,48,16,17,12,31,5,3,1,145,0.26356589147286824,0.33793103448275863,0.37209302325581395,0.7100240577385726,67
672695,Geraldo Perdomo,arizona diamondbacks,125,29,6,3,2,47,15,15,21,18,6,1,4,153,0.232,0.33774834437086093,0.376,0.713748344370861,59
608348,Carson Kelly,chicago cubs,102,31,4,0,2,41,15,13,13,22,0,2,0,117,0.30392156862745096,0.39316239316239315,0.4019607843137255,0.7951231774761187,59
596115,Trevor Story,boston red sox,139,29,6,0,2,41,13,18,7,45,3,1,2,149,0.20863309352517986,0.2483221476510067,0.2949640287769784,0.5432861764279852,60
671277,Luis García Jr.,washington nationals,126,27,6,1,2,41,15,17,5,22,2,0,1,132,0.21428571428571427,0.24242424242424243,0.3253968253968254,0.5678210678210678,59
682663,Agustín Ramírez,miami marlins,113,26,5,1,2,39,14,14,13,28,3,2,1,129,0.23008849557522124,0.3178294573643411,0.34513274336283184,0.6629622007271729,54
680574,Matt McLain,cincinnati reds,145,25,7,0,2,38,15,11,19,44,6,2,0,166,0.1724137931034483,0.27710843373493976,0.2620689655172414,0.5391773992521811,51
670770,TJ Friedl,cincinnati reds,131,25,6,0,2,37,13,8,11,32,4,3,1,149,0.19083969465648856,0.2671232876712329,0.2824427480916031,0.549566035762836,46
691777,Max Muncy,athletics,92,22,5,2,2,37,15,7,6,37,2,4,2,104,0.2391304347826087,0.3076923076923077,0.40217391304347827,0.709866220735786,44
673237,Yainer Diaz,houston astros,101,25,5,0,2,36,7,14,3,16,0,0,2,106,0.24752475247524752,0.2641509433962264,0.3564356435643564,0.6205865869605829,46
665750,Leody Taveras,baltimore orioles,90,24,4,1,2,36,11,20,14,22,2,0,0,106,0.26666666666666666,0.36538461538461536,0.4,0.7653846153846153,55
683146,Brett Baty,new york mets,121,24,4,1,2,36,16,16,10,38,2,1,2,135,0.19834710743801653,0.26119402985074625,0.2975206611570248,0.558714691007771,56
676356,Jonny DeLuca,tampa bay rays,86,23,7,0,2,36,13,17,3,17,4,0,0,90,0.26744186046511625,0.29213483146067415,0.4186046511627907,0.7107394826234649,53
683357,Owen Caissie,miami marlins,107,23,7,0,2,36,11,17,7,51,2,2,3,119,0.21495327102803738,0.2689075630252101,0.3364485981308411,0.6053561611560512,51
666397,Edouard Julien,colorado rockies,99,24,3,1,2,35,15,12,17,33,3,1,0,117,0.24242424242424243,0.358974358974359,0.35353535353535354,0.7125097125097125,51
592885,Christian Yelich,milwaukee brewers,78,23,4,1,2,35,15,15,7,26,3,0,0,85,0.2948717948717949,0.35294117647058826,0.44871794871794873,0.801659125188537,53
596019,Francisco Lindor,new york mets,93,21,2,2,2,33,14,5,11,19,2,1,0,105,0.22580645161290322,0.3142857142857143,0.3548387096774194,0.6691244239631337,40
677588,José Tena,washington nationals,79,20,4,1,2,32,12,10,5,26,0,1,0,85,0.25316455696202533,0.3058823529411765,0.4050632911392405,0.7109456440804169,42
677950,Alek Thomas,arizona diamondbacks,90,17,9,0,2,32,12,10,3,22,4,2,0,96,0.18888888888888888,0.23157894736842105,0.35555555555555557,0.5871345029239766,39
543877,Christian Vázquez,houston astros,73,21,4,0,2,31,7,13,7,14,0,0,0,81,0.2876712328767123,0.35,0.4246575342465753,0.7746575342465754,41
595879,Javier Báez,detroit tigers,78,20,5,0,2,31,10,6,2,16,1,1,1,82,0.2564102564102564,0.2804878048780488,0.3974358974358974,0.6779237023139462,36
663886,Tyler Stephenson,cincinnati reds,99,20,5,0,2,31,7,7,17,32,0,0,1,117,0.20202020202020202,0.3162393162393162,0.31313131313131315,0.6293706293706294,34
663837,Matt Vierling,detroit tigers,89,18,7,0,2,31,9,14,9,18,1,0,2,100,0.20224719101123595,0.27,0.34831460674157305,0.618314606741573,41
700932,Kyle Manzardo,cleveland guardians,110,22,2,0,2,30,8,10,11,43,0,3,1,125,0.2,0.288,0.2727272727272727,0.5607272727272727,40
657041,Lane Thomas,kansas city royals,79,21,3,0,2,30,8,12,14,17,2,1,0,94,0.26582278481012656,0.3829787234042553,0.379746835443038,0.7627255588472933,41
641584,Jake Fraley,tampa bay rays,71,18,6,0,2,30,5,5,7,20,2,0,0,78,0.2535211267605634,0.32051282051282054,0.4225352112676056,0.7430480317804262,28
643376,Danny Jansen,texas rangers,93,17,5,1,2,30,9,8,9,32,1,2,0,104,0.1827956989247312,0.2692307692307692,0.3225806451612903,0.5918114143920595,34
673357,Luis Robert Jr.,new york mets,85,20,3,0,2,29,10,8,13,17,2,0,0,98,0.23529411764705882,0.336734693877551,0.3411764705882353,0.6779111644657863,38
681351,Logan O'Hoppe,los angeles angels,100,20,3,0,2,29,12,9,12,30,0,3,1,116,0.2,0.3017241379310345,0.29,0.5917241379310345,41
672515,Gabriel Moreno,arizona diamondbacks,65,17,6,0,2,29,11,10,5,14,0,1,1,72,0.26153846153846155,0.3194444444444444,0.4461538461538462,0.7655982905982905,38
605170,Victor Caratini,minnesota twins,94,21,1,0,2,28,9,15,11,20,0,5,4,114,0.22340425531914893,0.32456140350877194,0.2978723404255319,0.6224337439343038,45
665966,Carlos Narváez,boston red sox,83,19,3,0,2,28,11,3,6,27,1,0,0,90,0.2289156626506024,0.2808988764044944,0.3373493975903614,0.6182482739948558,33
687637,Dylan Beavers,baltimore orioles,90,19,3,0,2,28,14,10,11,24,3,0,1,103,0.2111111111111111,0.29411764705882354,0.3111111111111111,0.6052287581699347,43
687551,Drew Gilbert,san francisco giants,72,17,1,1,2,26,8,7,3,16,0,0,0,76,0.2361111111111111,0.26666666666666666,0.3611111111111111,0.6277777777777778,32
656775,Cedric Mullins,tampa bay rays,123,16,2,1,2,26,9,10,9,30,6,2,1,138,0.13008130081300814,0.2,0.21138211382113822,0.4113821138211382,35
668723,Ryan Vilade,tampa bay rays,53,16,2,1,2,26,8,17,7,10,2,0,1,62,0.3018867924528302,0.3770491803278688,0.49056603773584906,0.8676152180637179,41
664702,Myles Straw,toronto blue jays,61,16,2,0,2,24,15,6,7,8,1,0,1,70,0.26229508196721313,0.3333333333333333,0.39344262295081966,0.7267759562841529,37
624641,Edmundo Sosa,philadelphia phillies,57,14,3,0,2,23,8,11,3,12,2,2,1,64,0.24561403508771928,0.30158730158730157,0.40350877192982454,0.7050960735171261,33
642201,Eli White,atlanta braves,56,13,2,1,2,23,6,9,2,11,0,0,1,59,0.23214285714285715,0.2542372881355932,0.4107142857142857,0.6649515738498789,28
624424,Michael Conforto,chicago cubs,39,12,5,0,2,23,7,8,8,13,0,0,1,48,0.3076923076923077,0.4166666666666667,0.5897435897435898,1.0064102564102564,27
621438,Tyrone Taylor,new york mets,71,14,2,0,2,22,5,8,2,12,0,0,0,75,0.19718309859154928,0.2191780821917808,0.30985915492957744,0.5290372371213583,27
680779,Henry Davis,pittsburgh pirates,80,13,3,0,2,22,10,9,8,18,1,2,0,91,0.1625,0.25555555555555554,0.275,0.5305555555555556,32
666181,Will Benson,cincinnati reds,59,11,3,1,2,22,7,5,10,21,1,0,0,69,0.1864406779661017,0.30434782608695654,0.3728813559322034,0.6772291820191599,23
665804,Miguel Amaya,chicago cubs,61,13,2,0,2,21,11,6,9,16,0,2,0,72,0.21311475409836064,0.3333333333333333,0.3442622950819672,0.6775956284153005,30
663647,Ke'Bryan Hayes,cincinnati reds,98,11,1,1,2,20,7,3,7,16,0,0,0,105,0.11224489795918367,0.17142857142857143,0.20408163265306123,0.37551020408163266,21
669004,MJ Melendez,new york mets,44,11,3,0,2,20,4,6,3,18,0,2,0,50,0.25,0.32653061224489793,0.45454545454545453,0.7810760667903525,21
701678,Hao-Yu  Lee,detroit tigers,58,11,2,0,2,19,5,6,3,17,0,0,0,61,0.1896551724137931,0.22950819672131148,0.3275862068965517,0.5570944036178632,22
672761,Wenceel Pérez,detroit tigers,83,11,1,0,2,18,8,6,7,15,3,0,0,90,0.13253012048192772,0.2,0.21686746987951808,0.41686746987951806,25
602104,Ramón Urías,st. louis cardinals,57,9,3,0,2,18,9,5,6,12,0,3,1,67,0.15789473684210525,0.26865671641791045,0.3157894736842105,0.584446190102121,23
605141,Mookie Betts,los angeles dodgers,51,9,2,0,2,17,8,7,6,6,0,1,0,58,0.17647058823529413,0.27586206896551724,0.3333333333333333,0.6091954022988506,24
663330,Jahmai Jones,detroit tigers,47,9,2,0,2,17,6,5,6,17,0,0,0,53,0.19148936170212766,0.2830188679245283,0.3617021276595745,0.6447209955841028,20
656537,Derek Hill,chicago white sox,44,10,0,0,2,16,6,3,5,17,3,0,0,51,0.22727272727272727,0.30612244897959184,0.36363636363636365,0.6697588126159555,19
663697,Jonathan India,kansas city royals,48,8,1,0,2,15,8,8,8,13,0,2,0,58,0.16666666666666666,0.3103448275862069,0.3125,0.6228448275862069,24
665052,Griffin Conine,miami marlins,22,6,1,0,2,13,6,4,2,6,2,1,0,25,0.2727272727272727,0.36,0.5909090909090909,0.9509090909090909,16
672356,Gabriel Arias,cleveland guardians,30,6,1,0,2,13,2,4,2,12,0,0,0,32,0.2,0.25,0.43333333333333335,0.6833333333333333,12
553869,Elias Díaz,kansas city royals,14,5,2,0,2,13,3,5,1,2,0,0,0,15,0.35714285714285715,0.4,0.9285714285714286,1.3285714285714287,13
806068,Colt Emerson,seattle mariners,19,5,0,1,2,13,3,6,2,8,0,1,0,22,0.2631578947368421,0.36363636363636365,0.6842105263157895,1.0478468899521531,14
665923,Esteury Ruiz,miami marlins,25,4,1,0,2,11,4,4,3,11,1,0,1,29,0.16,0.2413793103448276,0.44,0.6813793103448276,12
669699,Braden Shewmake,houston astros,22,4,0,0,2,10,4,3,0,6,0,0,1,24,0.18181818181818182,0.17391304347826086,0.45454545454545453,0.6284584980237153,11
683679,Jesus Rodriguez,san francisco giants,9,3,0,0,2,9,2,4,1,0,0,0,0,10,0.3333333333333333,0.4,1.0,1.4,9
693304,Nick Gonzales,pittsburgh pirates,136,42,5,0,1,50,20,21,10,28,2,2,1,149,0.3088235294117647,0.3624161073825503,0.36764705882352944,0.7300631662060797,83
807712,Luke Keaschall,minnesota twins,148,34,8,0,1,45,17,18,14,26,8,2,3,167,0.22972972972972974,0.2994011976047904,0.30405405405405406,0.6034552516588445,69
680757,Steven Kwan,cleveland guardians,142,31,6,0,1,40,17,10,21,17,2,2,2,169,0.21830985915492956,0.32335329341317365,0.28169014084507044,0.605043434258244,58
671976,Tristan Peters,chicago white sox,98,30,5,1,1,40,11,7,8,24,4,1,0,109,0.30612244897959184,0.3644859813084112,0.40816326530612246,0.7726492466145336,48
678662,Ezequiel Tovar,colorado rockies,144,27,9,0,1,39,10,11,11,48,2,2,1,158,0.1875,0.25316455696202533,0.2708333333333333,0.5239978902953586,48
691785,Marcelo Mayer,boston red sox,105,28,6,0,1,37,9,9,8,19,2,2,1,117,0.26666666666666666,0.3275862068965517,0.3523809523809524,0.6799671592775041,46
663616,Trevor Larnach,minnesota twins,102,26,6,1,1,37,17,12,20,21,1,0,0,122,0.2549019607843137,0.3770491803278688,0.3627450980392157,0.7397942783670846,55
650489,Willi Castro,colorado rockies,112,26,7,0,1,36,15,13,11,40,3,2,0,125,0.23214285714285715,0.312,0.32142857142857145,0.6334285714285715,54
701350,Roman Anthony,boston red sox,109,25,5,1,1,35,12,5,20,33,2,1,0,130,0.22935779816513763,0.35384615384615387,0.3211009174311927,0.6749470712773465,42
803011,Sam Antonacci,chicago white sox,82,25,3,2,1,35,14,10,7,9,2,5,1,95,0.3048780487804878,0.3894736842105263,0.4268292682926829,0.8163029525032093,49
805300,Jakob Marsee,miami marlins,147,25,3,2,1,35,23,8,24,46,10,5,1,178,0.17006802721088435,0.3050847457627119,0.23809523809523808,0.54317998385795,56
669003,Garrett Mitchell,milwaukee brewers,109,23,7,1,1,35,16,22,22,46,5,1,0,133,0.21100917431192662,0.3484848484848485,0.3211009174311927,0.6695857659160411,61
664983,Jake McCarthy,colorado rockies,83,20,6,3,1,35,9,9,9,21,6,1,2,98,0.24096385542168675,0.3157894736842105,0.42168674698795183,0.7374762206721623,38
663743,Nick Fortes,tampa bay rays,96,25,6,0,1,34,8,10,3,13,0,3,0,102,0.2604166666666667,0.30392156862745096,0.3541666666666667,0.6580882352941176,43
650402,Gleyber Torres,detroit tigers,112,28,2,0,1,33,16,10,24,21,0,1,2,139,0.25,0.381294964028777,0.29464285714285715,0.6759378211716341,54
668885,Austin Martin,minnesota twins,95,26,4,0,1,33,13,8,20,17,5,2,1,118,0.2736842105263158,0.4067796610169492,0.3473684210526316,0.7541480820695807,47
691720,Kyle Karros,colorado rockies,112,25,5,0,1,33,19,7,21,33,2,1,2,136,0.22321428571428573,0.34558823529411764,0.29464285714285715,0.6402310924369747,51
702332,Caleb Durbin,boston red sox,123,22,6,1,1,33,14,15,11,19,3,2,0,136,0.17886178861788618,0.25735294117647056,0.2682926829268293,0.5256456241032998,51
677942,Blaze Alexander,baltimore orioles,95,24,4,0,1,31,11,9,7,28,4,1,0,105,0.25263157894736843,0.3106796116504854,0.3263157894736842,0.6369954011241696,44
671289,Tyler Freeman,colorado rockies,80,25,2,0,1,30,9,12,5,11,4,6,0,94,0.3125,0.3956043956043956,0.375,0.7706043956043955,46
808975,Hyeseong Kim,los angeles dodgers,76,23,3,0,1,29,10,8,8,15,5,0,1,85,0.3026315789473684,0.36470588235294116,0.3815789473684211,0.7462848297213622,41
691594,Javier Sanoja,miami marlins,79,22,4,0,1,29,4,14,9,11,2,0,0,88,0.27848101265822783,0.3522727272727273,0.3670886075949367,0.719361334867664,40
694671,Wyatt Langford,texas rangers,80,19,3,2,1,29,9,4,4,19,3,0,0,84,0.2375,0.27380952380952384,0.3625,0.6363095238095238,32
678489,Jorge Barrosa,arizona diamondbacks,77,14,9,1,1,28,9,7,4,24,0,1,0,84,0.18181818181818182,0.23170731707317074,0.36363636363636365,0.5953436807095344,30
686668,Brenton Doyle,colorado rockies,94,20,3,0,1,26,16,4,10,36,8,0,0,104,0.2127659574468085,0.28846153846153844,0.2765957446808511,0.5650572831423895,40
687363,Victor Scott II,st. louis cardinals,95,18,4,0,1,25,11,5,8,28,5,1,1,112,0.18947368421052632,0.2571428571428571,0.2631578947368421,0.5203007518796992,34
669065,Kyle Stowers,miami marlins,72,17,5,0,1,25,10,5,9,21,0,1,0,83,0.2361111111111111,0.32926829268292684,0.3472222222222222,0.676490514905149,32
687093,Vaughn Grissom,los angeles angels,69,17,5,0,1,25,7,9,9,5,0,1,2,82,0.2463768115942029,0.3333333333333333,0.36231884057971014,0.6956521739130435,33
660688,Keibert Ruiz,washington nationals,75,16,6,0,1,25,5,10,1,11,0,1,1,78,0.21333333333333335,0.23076923076923078,0.3333333333333333,0.5641025641025641,31
592663,J.T. Realmuto,philadelphia phillies,73,17,3,0,1,23,7,7,7,12,0,3,1,84,0.2328767123287671,0.32142857142857145,0.3150684931506849,0.6364970645792564,31
624428,Adam Frazier,los angeles angels,60,15,5,0,1,23,13,5,7,19,0,1,0,70,0.25,0.3382352941176471,0.38333333333333336,0.7215686274509805,33
681297,Colton Cowser,baltimore orioles,77,17,2,0,1,22,11,9,11,28,1,0,1,90,0.22077922077922077,0.3146067415730337,0.2857142857142857,0.6003210272873194,37
500743,Miguel Rojas,los angeles dodgers,56,16,3,0,1,22,4,5,4,9,0,0,1,62,0.2857142857142857,0.32786885245901637,0.39285714285714285,0.7207259953161592,25
688363,Graham Pauley,miami marlins,79,13,6,0,1,22,8,9,5,20,1,0,0,85,0.16455696202531644,0.21428571428571427,0.27848101265822783,0.4927667269439421,30
694377,Nick Yorke,pittsburgh pirates,68,15,3,0,1,21,5,6,7,15,0,2,1,78,0.22058823529411764,0.3076923076923077,0.3088235294117647,0.6165158371040724,26
592206,Nick Castellanos,san diego padres,79,14,4,0,1,21,4,12,4,21,1,0,2,85,0.17721518987341772,0.21176470588235294,0.26582278481012656,0.4775874906924795,30
595978,Austin Hedges,cleveland guardians,55,14,4,0,1,21,11,5,3,12,0,0,1,61,0.2545454545454545,0.288135593220339,0.38181818181818183,0.6699537750385208,30
655316,Andruw Monasterio,boston red sox,61,14,4,0,1,21,7,9,5,14,1,0,0,66,0.22950819672131148,0.2878787878787879,0.3442622950819672,0.6321410829607551,30
676439,Hunter Feduccia,tampa bay rays,49,16,1,0,1,20,6,5,7,18,0,1,0,58,0.32653061224489793,0.42105263157894735,0.40816326530612246,0.8292158968850698,27
687231,Darell Hernaiz,athletics,68,16,1,0,1,20,9,6,11,12,2,1,0,81,0.23529411764705882,0.35,0.29411764705882354,0.6441176470588235,31
680700,Richie Palacios,tampa bay rays,71,15,2,0,1,20,13,8,16,17,4,3,1,91,0.2112676056338028,0.37362637362637363,0.28169014084507044,0.6553165144714441,36
687597,Jordan Beck,colorado rockies,69,12,3,1,1,20,5,10,4,18,2,0,1,74,0.17391304347826086,0.21621621621621623,0.2898550724637681,0.5060712886799843,27
543309,Kyle Higashioka,texas rangers,59,14,2,0,1,19,6,5,6,17,0,0,0,65,0.23728813559322035,0.3076923076923077,0.3220338983050847,0.6297262059973925,25
630105,Jake Cronenworth,san diego padres,97,14,2,0,1,19,13,4,14,23,1,3,0,114,0.14432989690721648,0.2719298245614035,0.1958762886597938,0.46780611322119736,31
672820,Lenyn Sosa,toronto blue jays,49,13,3,0,1,19,7,6,0,11,0,0,1,51,0.2653061224489796,0.26,0.3877551020408163,0.6477551020408163,26
681715,Heriberto Hernández,miami marlins,75,13,0,1,1,18,5,12,10,18,4,1,1,87,0.17333333333333334,0.27586206896551724,0.24,0.5158620689655172,30
667472,Dane Myers,cincinnati reds,52,13,1,0,1,17,11,6,10,15,2,1,1,64,0.25,0.375,0.3269230769230769,0.7019230769230769,30
457705,Andrew McCutchen,texas rangers,53,12,2,0,1,17,6,5,5,17,0,0,1,59,0.22641509433962265,0.288135593220339,0.32075471698113206,0.6088903102014711,23
676694,Jake Meyers,houston astros,50,11,2,0,1,16,5,4,5,12,1,1,1,57,0.22,0.2982456140350877,0.32,0.6182456140350877,20
683953,Travis Bazzana,cleveland guardians,42,11,2,0,1,16,7,4,7,9,2,0,0,49,0.2619047619047619,0.3673469387755102,0.38095238095238093,0.7482993197278911,22
593871,Jorge Polanco,new york mets,56,10,3,0,1,16,3,2,5,11,0,0,0,61,0.17857142857142858,0.2459016393442623,0.2857142857142857,0.5316159250585479,15
641680,Jonah Heim,atlanta braves,39,9,4,0,1,16,4,8,5,5,0,0,1,45,0.23076923076923078,0.3111111111111111,0.41025641025641024,0.7213675213675214,21
805811,Bryce Eldridge,san francisco giants,26,9,4,0,1,16,4,2,2,5,0,0,0,28,0.34615384615384615,0.39285714285714285,0.6153846153846154,1.0082417582417582,15
672275,Patrick Bailey,san francisco giants,76,12,0,0,1,15,5,5,7,19,2,0,0,83,0.15789473684210525,0.2289156626506024,0.19736842105263158,0.426284083703234,22
666310,Bo Naylor,cleveland guardians,79,10,2,0,1,15,3,4,6,20,0,0,0,85,0.12658227848101267,0.18823529411764706,0.189873417721519,0.37810871183916606,17
669720,Austin Hays,chicago white sox,43,10,1,0,1,14,3,7,1,13,0,0,0,44,0.23255813953488372,0.25,0.32558139534883723,0.5755813953488372,20
665877,José Fermín,st. louis cardinals,38,9,2,0,1,14,2,4,3,9,0,0,1,43,0.23684210526315788,0.2857142857142857,0.3684210526315789,0.6541353383458646,15
676724,Jared Young,new york mets,29,9,2,0,1,14,4,3,3,5,0,0,1,33,0.3103448275862069,0.36363636363636365,0.4827586206896552,0.8463949843260188,16
694374,Tim Tawa,arizona diamondbacks,54,9,2,0,1,14,4,8,6,14,0,0,1,63,0.16666666666666666,0.2459016393442623,0.25925925925925924,0.5051608986035215,21
664056,Harrison Bader,san francisco giants,61,8,3,0,1,14,5,3,2,18,0,0,1,64,0.13114754098360656,0.15625,0.22950819672131148,0.3857581967213115,16
641933,Tyler O'Neill,baltimore orioles,56,10,0,0,1,13,9,5,8,14,0,2,0,66,0.17857142857142858,0.30303030303030304,0.23214285714285715,0.5351731601731602,24
663698,Joey Bart,pittsburgh pirates,46,9,1,0,1,13,5,3,2,18,0,1,1,50,0.1956521739130435,0.24,0.2826086956521739,0.5226086956521738,17
676914,Davis Schneider,toronto blue jays,55,7,3,0,1,13,11,7,15,23,0,0,0,71,0.12727272727272726,0.3142857142857143,0.23636363636363636,0.5506493506493506,25
679822,Justin Foscue,texas rangers,15,7,3,0,1,13,3,4,2,3,0,0,1,18,0.4666666666666667,0.5,0.8666666666666667,1.3666666666666667,14
682818,Yohendrick Piñango,toronto blue jays,25,8,1,0,1,12,3,5,1,8,0,0,0,26,0.32,0.34615384615384615,0.48,0.8261538461538461,16
642215,Weston Wilson,baltimore orioles,24,7,1,0,1,11,6,3,3,6,2,1,0,28,0.2916666666666667,0.39285714285714285,0.4583333333333333,0.8511904761904762,16
691176,Jasson Domínguez,new york yankees,26,6,2,0,1,11,3,4,1,3,0,1,0,28,0.23076923076923078,0.2857142857142857,0.4230769230769231,0.7087912087912087,13
677595,Ronny Mauricio,new york mets,32,7,0,0,1,10,3,2,0,12,0,0,0,32,0.21875,0.21875,0.3125,0.53125,12
687515,Colby Thomas,athletics,22,6,1,0,1,10,3,4,2,6,0,0,0,25,0.2727272727272727,0.3333333333333333,0.45454545454545453,0.7878787878787878,13
691783,Jordan Lawlar,arizona diamondbacks,18,6,1,0,1,10,3,2,1,6,1,1,0,20,0.3333333333333333,0.4,0.5555555555555556,0.9555555555555556,11
695020,Tanner Murray,chicago white sox,28,6,0,0,1,9,2,3,2,7,0,1,1,33,0.21428571428571427,0.28125,0.32142857142857145,0.6026785714285714,11
545341,Randal Grichuk,chicago white sox,11,5,0,0,1,8,2,4,0,1,0,0,0,11,0.45454545454545453,0.45454545454545453,0.7272727272727273,1.1818181818181819,11
665561,Rafael Marchán,philadelphia phillies,57,5,0,0,1,8,3,2,1,11,0,2,0,60,0.08771929824561403,0.13333333333333333,0.14035087719298245,0.27368421052631575,10
656582,Connor Joe,seattle mariners,24,4,1,0,1,8,2,3,4,9,2,0,0,28,0.16666666666666666,0.2857142857142857,0.3333333333333333,0.6190476190476191,9
692216,CJ Kayfus,cleveland guardians,22,4,1,0,1,8,4,2,2,8,0,1,0,25,0.18181818181818182,0.28,0.36363636363636365,0.6436363636363637,10
694025,Felix Reyes,philadelphia phillies,28,4,1,0,1,8,2,1,0,7,0,0,0,28,0.14285714285714285,0.14285714285714285,0.2857142857142857,0.42857142857142855,7
640902,Jhonny Pereda,seattle mariners,15,4,0,0,1,7,3,1,3,1,0,1,0,19,0.26666666666666666,0.42105263157894735,0.4666666666666667,0.887719298245614,8
642350,Jose Siri,los angeles angels,9,3,1,0,1,7,3,4,0,2,0,0,0,9,0.3333333333333333,0.3333333333333333,0.7777777777777778,1.1111111111111112,10
672386,Alejandro Kirk,toronto blue jays,20,3,1,0,1,7,2,2,2,2,0,0,0,22,0.15,0.22727272727272727,0.35,0.5772727272727273,7
669899,Ryan Ward,los angeles dodgers,8,3,0,0,1,6,1,2,0,2,0,0,0,8,0.375,0.375,0.75,1.125,6
690924,Braxton Fulford,colorado rockies,13,3,0,0,1,6,4,4,1,6,2,0,1,15,0.23076923076923078,0.26666666666666666,0.46153846153846156,0.7282051282051283,11
694371,Tommy Troy,arizona diamondbacks,6,3,0,0,1,6,3,1,0,1,0,0,0,6,0.5,0.5,1.0,1.5,7
641680,Jonah Heim,athletics,13,2,1,0,1,6,4,3,1,2,0,0,0,14,0.15384615384615385,0.21428571428571427,0.46153846153846156,0.6758241758241759,9
669717,Will Wilson,seattle mariners,5,1,0,0,1,4,1,2,1,1,0,0,0,6,0.2,0.3333333333333333,0.8,1.1333333333333333,4
676572,Eric Wagaman,new york mets,2,1,0,0,1,4,1,1,0,0,0,0,0,2,0.5,0.5,2.0,2.5,3
694376,Shay Whitcomb,houston astros,13,1,0,0,1,4,1,3,1,8,0,0,0,14,0.07692307692307693,0.14285714285714285,0.3076923076923077,0.45054945054945056,5
805904,Zach Cole,houston astros,12,1,0,0,1,4,1,1,0,6,0,0,0,12,0.08333333333333333,0.08333333333333333,0.3333333333333333,0.41666666666666663,3
650333,Luis Arraez,san francisco giants,152,48,7,2,0,59,16,17,7,6,5,0,5,167,0.3157894736842105,0.3353658536585366,0.3881578947368421,0.7235237483953787,81
802415,Chandler Simpson,tampa bay rays,161,46,2,2,0,52,20,7,9,17,12,0,2,175,0.2857142857142857,0.31976744186046513,0.32298136645962733,0.6427488083200925,73
665487,Fernando Tatis Jr.,san diego padres,148,38,5,1,0,45,14,13,15,40,11,1,4,169,0.25675675675675674,0.32142857142857145,0.30405405405405406,0.6254826254826256,65
702222,Justin Crawford,philadelphia phillies,119,31,8,2,0,43,10,7,8,25,4,2,0,129,0.2605042016806723,0.3178294573643411,0.36134453781512604,0.6791739951794671,48
690993,Colt Keith,detroit tigers,119,33,7,0,0,40,17,6,5,23,2,1,0,125,0.2773109243697479,0.312,0.33613445378151263,0.6481344537815126,56
810938,Ben Williamson,tampa bay rays,97,27,5,1,0,34,14,14,9,21,3,0,0,107,0.27835051546391754,0.33962264150943394,0.35051546391752575,0.6901381054269597,55
666152,David Hamilton,milwaukee brewers,101,28,3,1,0,33,21,8,14,20,12,1,0,121,0.27722772277227725,0.3706896551724138,0.32673267326732675,0.6974223284397405,57
650859,Luis Rengifo,milwaukee brewers,115,23,8,0,0,31,12,12,10,14,1,1,1,128,0.2,0.2677165354330709,0.26956521739130435,0.5372817528243752,47
573262,Mike Yastrzemski,atlanta braves,117,24,4,1,0,30,14,6,10,32,1,1,0,128,0.20512820512820512,0.2734375,0.2564102564102564,0.5298477564102564,44
807799,Masataka Yoshida,boston red sox,75,22,5,1,0,29,8,7,10,9,1,1,0,86,0.29333333333333333,0.38372093023255816,0.38666666666666666,0.7703875968992249,37
663604,Brandon Lockridge,milwaukee brewers,82,23,4,0,0,27,8,10,10,25,5,0,0,93,0.2804878048780488,0.358695652173913,0.32926829268292684,0.6879639448568399,41
678391,Jorbit Vivas,washington nationals,88,21,5,0,0,26,13,4,8,15,0,4,2,104,0.23863636363636365,0.3235294117647059,0.29545454545454547,0.6189839572192514,38
683083,Nasim Nuñez,washington nationals,113,24,1,0,0,25,17,13,16,25,16,1,0,133,0.21238938053097345,0.3153846153846154,0.22123893805309736,0.5366235534377127,54
663968,Jake Mangum,pittsburgh pirates,82,23,2,0,0,25,14,6,7,19,6,1,1,92,0.2804878048780488,0.34065934065934067,0.3048780487804878,0.6455373894398284,43
670764,Taylor Walls,tampa bay rays,83,18,5,0,0,23,14,6,12,23,5,1,0,100,0.21686746987951808,0.3229166666666667,0.27710843373493976,0.6000251004016064,38
669701,Josh Smith,texas rangers,92,20,2,0,0,22,6,6,14,20,2,1,1,108,0.21739130434782608,0.32407407407407407,0.2391304347826087,0.5632045088566828,32
664770,Nathan Lukes,toronto blue jays,61,16,5,0,0,21,5,9,1,10,0,2,1,65,0.26229508196721313,0.2923076923076923,0.3442622950819672,0.6365699873896595,30
691740,Daniel Susac,san francisco giants,36,15,4,1,0,21,3,7,3,7,0,1,0,40,0.4166666666666667,0.475,0.5833333333333334,1.0583333333333333,25
665161,Jeremy Peña,houston astros,63,16,4,0,0,20,6,1,3,11,1,1,1,68,0.25396825396825395,0.29411764705882354,0.31746031746031744,0.611577964519141,23
694388,Joey Loperfido,houston astros,58,15,5,0,0,20,7,6,6,19,1,1,1,66,0.25862068965517243,0.3333333333333333,0.3448275862068966,0.6781609195402298,28
664954,Brett Sullivan,colorado rockies,56,14,6,0,0,20,2,7,3,10,0,0,0,60,0.25,0.288135593220339,0.35714285714285715,0.6452784503631961,23
657136,Connor Wong,boston red sox,51,13,7,0,0,20,6,6,5,10,1,2,0,59,0.2549019607843137,0.3448275862068966,0.39215686274509803,0.7369844489519946,25
682668,Luisangel Acuña,chicago white sox,90,15,1,0,0,16,8,4,6,18,6,1,1,99,0.16666666666666666,0.22448979591836735,0.17777777777777778,0.40226757369614513,27
687401,Joey Ortiz,milwaukee brewers,81,15,1,0,0,16,11,10,11,18,4,0,1,96,0.18518518518518517,0.27956989247311825,0.19753086419753085,0.4771007566706491,36
669743,Alex Call,los angeles dodgers,40,13,3,0,0,16,7,7,7,5,0,1,0,48,0.325,0.4375,0.4,0.8375,27
666211,Taylor Trammell,houston astros,36,12,2,1,0,16,5,4,4,13,1,0,0,41,0.3333333333333333,0.4,0.4444444444444444,0.8444444444444444,21
700337,Edgar Quero,chicago white sox,90,14,1,0,0,15,6,7,10,25,1,2,3,107,0.15555555555555556,0.24761904761904763,0.16666666666666666,0.41428571428571426,27
666971,Lourdes Gurriel Jr.,arizona diamondbacks,52,13,2,0,0,15,4,4,6,11,0,0,0,58,0.25,0.3275862068965517,0.28846153846153844,0.6160477453580901,21
516782,Starling Marte,kansas city royals,43,12,3,0,0,15,3,2,1,14,0,1,0,45,0.27906976744186046,0.3111111111111111,0.3488372093023256,0.6599483204134367,17
660844,Leo Rivas,seattle mariners,88,12,1,1,0,15,7,7,13,33,1,3,1,106,0.13636363636363635,0.26666666666666666,0.17045454545454544,0.43712121212121213,26
620443,Luis Torrens,new york mets,53,11,4,0,0,15,5,8,1,10,0,1,0,56,0.20754716981132076,0.23636363636363636,0.2830188679245283,0.5193825042881647,24
643396,Isiah Kiner-Falefa,boston red sox,53,13,0,0,0,13,8,6,3,10,2,0,0,57,0.24528301886792453,0.2857142857142857,0.24528301886792453,0.5309973045822103,27
543510,James McCann,arizona diamondbacks,51,10,3,0,0,13,3,6,1,17,0,0,0,53,0.19607843137254902,0.21153846153846154,0.2549019607843137,0.46644042232277527,19
666023,Freddy Fermin,san diego padres,65,9,4,0,0,13,10,3,10,17,0,2,2,79,0.13846153846153847,0.26582278481012656,0.2,0.46582278481012657,22
672012,Tyler Black,milwaukee brewers,22,9,4,0,0,13,2,7,1,5,0,0,0,23,0.4090909090909091,0.43478260869565216,0.5909090909090909,1.0256916996047432,18
682877,Juan Brito,cleveland guardians,51,9,4,0,0,13,7,3,4,17,0,1,0,56,0.17647058823529413,0.25,0.2549019607843137,0.5049019607843137,19
656716,Zach McKinstry,detroit tigers,60,10,2,0,0,12,1,3,5,13,0,0,0,66,0.16666666666666666,0.23076923076923078,0.2,0.4307692307692308,14
669707,Jared Triolo,pittsburgh pirates,34,10,2,0,0,12,3,2,2,7,0,1,0,38,0.29411764705882354,0.35135135135135137,0.35294117647058826,0.7042925278219396,15
686452,Drew Millas,washington nationals,63,10,2,0,0,12,7,4,7,17,0,1,0,74,0.15873015873015872,0.2535211267605634,0.19047619047619047,0.44399731723675384,21
679845,Nick Loftin,kansas city royals,46,9,3,0,0,12,8,10,8,7,0,0,1,56,0.1956521739130435,0.3090909090909091,0.2608695652173913,0.5699604743083004,27
694192,Jackson Chourio,milwaukee brewers,26,9,3,0,0,12,4,4,4,6,1,0,0,30,0.34615384615384615,0.43333333333333335,0.46153846153846156,0.8948717948717949,17
641555,J.C. Escarra,new york yankees,38,7,3,1,0,12,3,6,1,11,0,0,1,40,0.18421052631578946,0.2,0.3157894736842105,0.5157894736842106,16
695336,Thomas Saggese,st. louis cardinals,52,9,2,0,0,11,5,2,6,20,0,0,0,58,0.17307692307692307,0.25862068965517243,0.21153846153846154,0.47015915119363394,16
671655,George Valera,cleveland guardians,37,8,3,0,0,11,1,6,1,8,0,0,0,38,0.21621621621621623,0.23684210526315788,0.2972972972972973,0.5341394025604552,15
668670,Jake Rogers,detroit tigers,39,7,2,1,0,11,4,4,1,13,1,1,2,43,0.1794871794871795,0.20930232558139536,0.28205128205128205,0.49135360763267744,15
672016,Denzel Clarke,athletics,53,9,1,0,0,10,4,6,4,24,2,0,0,60,0.16981132075471697,0.22807017543859648,0.18867924528301888,0.41674942072161536,19
672820,Lenyn Sosa,chicago white sox,33,7,3,0,0,10,2,3,0,7,0,0,0,33,0.21212121212121213,0.21212121212121213,0.30303030303030304,0.5151515151515151,12
694362,Blake Dunn,cincinnati reds,23,7,1,1,0,10,3,0,0,6,0,0,0,23,0.30434782608695654,0.30434782608695654,0.43478260869565216,0.7391304347826086,10
545341,Randal Grichuk,new york yankees,31,6,4,0,0,10,7,2,1,10,0,0,1,33,0.1935483870967742,0.21212121212121213,0.3225806451612903,0.5347018572825024,15
623168,Tyler Heineman,toronto blue jays,56,9,0,0,0,9,5,2,2,16,0,2,0,63,0.16071428571428573,0.21666666666666667,0.16071428571428573,0.3773809523809524,16
650391,Eloy Jiménez,toronto blue jays,31,9,0,0,0,9,2,3,3,7,0,0,1,35,0.2903225806451613,0.34285714285714286,0.2903225806451613,0.6331797235023042,14
641598,Mitch Garver,seattle mariners,50,8,1,0,0,9,6,1,12,19,0,0,0,62,0.16,0.3225806451612903,0.18,0.5025806451612903,15
669326,Bryce Teodosio,los angeles angels,33,8,1,0,0,9,2,2,2,15,2,0,0,36,0.24242424242424243,0.2857142857142857,0.2727272727272727,0.5584415584415584,12
683734,Andrew Vaughn,milwaukee brewers,20,7,2,0,0,9,3,3,1,3,0,1,0,22,0.35,0.4090909090909091,0.45,0.8590909090909091,13
687957,Dustin Harris,houston astros,31,7,0,1,0,9,4,4,2,6,2,1,1,36,0.22580645161290322,0.2857142857142857,0.2903225806451613,0.5760368663594471,15
681546,James Outman,minnesota twins,42,6,3,0,0,9,4,0,2,15,2,0,0,44,0.14285714285714285,0.18181818181818182,0.21428571428571427,0.39610389610389607,10
678009,Parker Meadows,detroit tigers,33,7,1,0,0,8,2,2,1,9,3,1,0,35,0.21212121212121213,0.2571428571428571,0.24242424242424243,0.49956709956709955,11
696030,Alejandro Osuna,texas rangers,37,7,1,0,0,8,3,4,5,7,1,2,0,44,0.1891891891891892,0.3181818181818182,0.21621621621621623,0.5343980343980343,14
669369,Bryce Johnson,san diego padres,26,6,2,0,0,8,2,2,2,10,3,0,0,29,0.23076923076923078,0.2857142857142857,0.3076923076923077,0.5934065934065934,10
663368,Blake Perkins,milwaukee brewers,51,5,3,0,0,8,5,5,5,14,1,1,0,58,0.09803921568627451,0.19298245614035087,0.1568627450980392,0.3498452012383901,15
518595,Travis d'Arnaud,los angeles angels,33,6,1,0,0,7,4,0,3,7,0,2,0,38,0.18181818181818182,0.2894736842105263,0.21212121212121213,0.5015948963317385,10
664059,Sam Haggerty,texas rangers,33,6,1,0,0,7,2,1,2,15,0,1,0,36,0.18181818181818182,0.25,0.21212121212121213,0.46212121212121215,9
666464,Jerar Encarnacion,san francisco giants,34,6,1,0,0,7,1,0,1,8,0,0,0,35,0.17647058823529413,0.2,0.20588235294117646,0.40588235294117647,7
666624,Christopher Morel,miami marlins,25,6,1,0,0,7,1,0,1,12,0,1,0,27,0.24,0.2962962962962963,0.28,0.5762962962962963,7
669397,Nick Allen,houston astros,26,6,1,0,0,7,4,0,2,5,0,0,0,28,0.23076923076923078,0.2857142857142857,0.2692307692307692,0.554945054945055,10
669289,Santiago Espinal,los angeles dodgers,26,5,2,0,0,7,3,2,0,5,0,0,0,28,0.19230769230769232,0.19230769230769232,0.2692307692307692,0.46153846153846156,10
814439,Ryan Waldschmidt,arizona diamondbacks,14,5,2,0,0,7,5,1,4,5,2,0,0,19,0.35714285714285715,0.5,0.5,1.0,11
606992,Eric Haase,san francisco giants,17,4,3,0,0,7,2,1,1,6,0,0,0,18,0.23529411764705882,0.2777777777777778,0.4117647058823529,0.6895424836601307,7
677956,Rece Hinds,cincinnati reds,33,4,3,0,0,7,2,5,1,18,0,1,1,36,0.12121212121212122,0.16666666666666666,0.21212121212121213,0.3787878787878788,11
672284,Jarred Kelenic,chicago white sox,23,6,0,0,0,6,0,0,3,9,0,0,0,26,0.2608695652173913,0.34615384615384615,0.2608695652173913,0.6070234113712374,6
645302,Victor Robles,seattle mariners,20,5,1,0,0,6,0,2,0,5,1,0,0,20,0.25,0.25,0.3,0.55,7
664731,P.J. Higgins,cincinnati reds,18,5,1,0,0,6,0,4,2,6,0,0,1,21,0.2777777777777778,0.3333333333333333,0.3333333333333333,0.6666666666666666,9
683011,Anthony Volpe,new york yankees,18,5,1,0,0,6,4,1,1,2,4,0,0,19,0.2777777777777778,0.3157894736842105,0.3333333333333333,0.6491228070175439,10
624512,Reese McGuire,chicago white sox,29,5,0,0,0,5,1,3,2,9,0,2,0,34,0.1724137931034483,0.2727272727272727,0.1724137931034483,0.445141065830721,9
677870,Leo Jiménez,miami marlins,27,5,0,0,0,5,3,0,4,6,0,2,0,33,0.18518518518518517,0.3333333333333333,0.18518518518518517,0.5185185185185185,8
681508,Mickey Gasper,boston red sox,14,5,0,0,0,5,3,1,1,5,0,0,1,16,0.35714285714285715,0.375,0.35714285714285715,0.7321428571428572,9
682818,Yohendrick Pinango,toronto blue jays,10,5,0,0,0,5,0,3,1,0,0,0,0,11,0.5,0.5454545454545454,0.5,1.0454545454545454,8
571657,Kyle Farmer,atlanta braves,12,4,1,0,0,5,1,3,0,2,0,0,1,13,0.3333333333333333,0.3076923076923077,0.4166666666666667,0.7243589743589745,8
663624,Ryan Mountcastle,baltimore orioles,14,4,1,0,0,5,0,1,1,2,0,0,0,15,0.2857142857142857,0.3333333333333333,0.35714285714285715,0.6904761904761905,5
665953,Andrés Chaparro,washington nationals,12,3,2,0,0,5,2,1,2,3,0,0,0,14,0.25,0.35714285714285715,0.4166666666666667,0.7738095238095238,6
596103,Austin Slater,miami marlins,23,4,0,0,0,4,1,1,4,9,1,0,1,28,0.17391304347826086,0.2857142857142857,0.17391304347826086,0.45962732919254656,6
596117,Garrett Stubbs,philadelphia phillies,15,4,0,0,0,4,1,1,1,2,0,0,1,17,0.26666666666666666,0.29411764705882354,0.26666666666666666,0.5607843137254902,6
670032,Nicky Lopez,texas rangers,11,4,0,0,0,4,1,0,0,2,0,0,0,11,0.36363636363636365,0.36363636363636365,0.36363636363636365,0.7272727272727273,5
682622,Noelvi Marte,cincinnati reds,29,4,0,0,0,4,2,0,2,10,1,0,0,31,0.13793103448275862,0.1935483870967742,0.13793103448275862,0.3314794215795328,6
682641,Luis Matos,milwaukee brewers,20,4,0,0,0,4,1,0,1,7,0,0,0,21,0.2,0.23809523809523808,0.2,0.4380952380952381,5
686765,Nick Sogard,boston red sox,13,4,0,0,0,4,0,1,2,2,0,0,0,16,0.3076923076923077,0.4,0.3076923076923077,0.7076923076923077,5
691788,Joe Mack,miami marlins,17,4,0,0,0,4,2,5,1,6,0,0,0,19,0.23529411764705882,0.2777777777777778,0.23529411764705882,0.5130718954248366,11
695257,Billy Cook,pittsburgh pirates,13,4,0,0,0,4,2,0,0,5,1,0,0,13,0.3076923076923077,0.3076923076923077,0.3076923076923077,0.6153846153846154,6
596103,Austin Slater,new york mets,9,3,1,0,0,4,1,0,0,2,0,0,0,9,0.3333333333333333,0.3333333333333333,0.4444444444444444,0.7777777777777777,4
624431,Jose Trevino,cincinnati reds,19,3,1,0,0,4,0,0,1,4,0,0,0,20,0.15789473684210525,0.2,0.21052631578947367,0.4105263157894737,3
687957,Dustin Harris,chicago white sox,12,3,1,0,0,4,2,1,4,1,2,0,0,16,0.25,0.4375,0.3333333333333333,0.7708333333333333,6
694514,Sterlin Thompson,colorado rockies,11,3,1,0,0,4,1,1,2,1,0,0,0,13,0.2727272727272727,0.38461538461538464,0.36363636363636365,0.7482517482517483,5
700246,Carson Williams,tampa bay rays,29,3,1,0,0,4,4,3,1,11,0,0,0,31,0.10344827586206896,0.13333333333333333,0.13793103448275862,0.271264367816092,10
703607,Henry Bolte,athletics,18,3,1,0,0,4,3,0,1,5,1,1,0,20,0.16666666666666666,0.25,0.2222222222222222,0.4722222222222222,6
600869,Jeimer Candelario,los angeles angels,18,2,2,0,0,4,3,0,1,8,0,1,0,20,0.1111111111111111,0.2,0.2222222222222222,0.4222222222222222,5
663494,Bryan Torres,st. louis cardinals,8,2,0,1,0,4,0,1,0,2,0,0,0,8,0.25,0.25,0.5,0.75,3
622268,Donovan Walton,los angeles angels,8,3,0,0,0,3,2,0,1,1,0,0,0,9,0.375,0.4444444444444444,0.375,0.8194444444444444,5
642851,Austin Wynns,athletics,39,3,0,0,0,3,3,0,3,10,0,0,0,43,0.07692307692307693,0.14285714285714285,0.07692307692307693,0.21978021978021978,6
665861,Sebastián Rivero,los angeles angels,9,3,0,0,0,3,0,0,0,1,0,0,0,9,0.3333333333333333,0.3333333333333333,0.3333333333333333,0.6666666666666666,3
691373,Jhostynxon Garcia,pittsburgh pirates,9,3,0,0,0,3,0,1,0,3,0,0,0,9,0.3333333333333333,0.3333333333333333,0.3333333333333333,0.6666666666666666,4
805999,A.J. Ewing,new york mets,21,3,0,0,0,3,2,1,1,11,0,0,0,22,0.14285714285714285,0.18181818181818182,0.14285714285714285,0.3246753246753247,6
467793,Carlos Santana,arizona diamondbacks,24,2,1,0,0,3,1,0,2,8,0,0,0,26,0.08333333333333333,0.15384615384615385,0.125,0.27884615384615385,3
644433,Chadwick Tromp,atlanta braves,7,2,1,0,0,3,0,0,0,2,0,0,0,7,0.2857142857142857,0.2857142857142857,0.42857142857142855,0.7142857142857142,2
650968,Yohel Pozo,st. louis cardinals,17,2,1,0,0,3,0,3,0,1,0,0,0,17,0.11764705882352941,0.11764705882352941,0.17647058823529413,0.29411764705882354,5
669087,Sam Huff,baltimore orioles,9,2,1,0,0,3,1,1,0,5,0,0,0,9,0.2222222222222222,0.2222222222222222,0.3333333333333333,0.5555555555555556,4
680474,Max Schuemann,new york yankees,6,2,1,0,0,3,3,2,4,1,2,0,0,10,0.3333333333333333,0.6,0.5,1.1,7
691277,Deyvison De Los Santos,miami marlins,7,2,1,0,0,3,0,0,0,3,0,0,0,7,0.2857142857142857,0.2857142857142857,0.42857142857142855,0.7142857142857142,2
701305,Zach Dezenzo,houston astros,10,2,1,0,0,3,1,0,0,4,0,0,0,10,0.2,0.2,0.3,0.5,3
823550,Sung-Mun Song,san diego padres,6,2,1,0,0,3,2,2,1,0,1,0,0,7,0.3333333333333333,0.42857142857142855,0.5,0.9285714285714286,6
628451,Andy Ibáñez,athletics,17,2,0,0,0,2,1,3,1,2,0,0,0,18,0.11764705882352941,0.16666666666666666,0.11764705882352941,0.28431372549019607,6
669288,Daniel Johnson,houston astros,14,2,0,0,0,2,1,0,2,3,0,1,0,17,0.14285714285714285,0.29411764705882354,0.14285714285714285,0.4369747899159664,3
675659,Greg Jones,milwaukee brewers,21,2,0,0,0,2,0,1,0,9,1,0,0,22,0.09523809523809523,0.09523809523809523,0.09523809523809523,0.19047619047619047,3
680737,Michael Helman,texas rangers,8,2,0,0,0,2,0,0,0,1,0,1,0,10,0.25,0.3333333333333333,0.25,0.5833333333333333,2
682848,Endy Rodríguez,pittsburgh pirates,5,2,0,0,0,2,2,0,6,1,0,0,0,11,0.4,0.7272727272727273,0.4,1.1272727272727274,4
683748,Victor Mesa Jr.,tampa bay rays,9,2,0,0,0,2,2,1,2,3,0,0,0,11,0.2222222222222222,0.36363636363636365,0.2222222222222222,0.5858585858585859,5
686611,Dylan Crews,washington nationals,8,2,0,0,0,2,1,0,0,2,0,0,0,8,0.25,0.25,0.25,0.5,3
805249,Otto Kemp,philadelphia phillies,25,2,0,0,0,2,0,0,1,10,0,1,0,27,0.08,0.14814814814814814,0.08,0.22814814814814816,2
807747,Rikuu Nishida,chicago white sox,6,2,0,0,0,2,1,0,0,2,0,0,0,6,0.3333333333333333,0.3333333333333333,0.3333333333333333,0.6666666666666666,3
621550,Patrick Wisdom,seattle mariners,10,1,1,0,0,2,0,2,0,5,0,0,0,10,0.1,0.1,0.2,0.30000000000000004,3
680718,Addison Barger,toronto blue jays,19,1,1,0,0,2,1,2,3,6,0,0,1,23,0.05263157894736842,0.17391304347826086,0.10526315789473684,0.2791762013729977,4
683766,Christian Koss,san francisco giants,13,1,1,0,0,2,0,0,0,2,0,0,0,13,0.07692307692307693,0.07692307692307693,0.15384615384615385,0.23076923076923078,1
813841,Jonah Cox,san francisco giants,2,1,1,0,0,2,1,0,0,1,0,0,0,2,0.5,0.5,1.0,1.5,2
605244,Aramis Garcia,arizona diamondbacks,9,1,0,0,0,1,0,0,0,2,0,0,0,9,0.1111111111111111,0.1111111111111111,0.1111111111111111,0.2222222222222222,1
606115,Orlando Arcia,minnesota twins,6,1,0,0,0,1,0,0,0,2,0,0,0,6,0.16666666666666666,0.16666666666666666,0.16666666666666666,0.3333333333333333,1
656577,Alex Jackson,minnesota twins,6,1,0,0,0,1,1,0,0,4,0,0,0,6,0.16666666666666666,0.16666666666666666,0.16666666666666666,0.3333333333333333,2
656976,Pavin Smith,arizona diamondbacks,8,1,0,0,0,1,1,1,2,3,0,0,0,10,0.125,0.3,0.125,0.425,3
660644,Vidal Bruján,new york mets,2,1,0,0,0,1,2,1,0,0,0,0,0,2,0.5,0.5,0.5,1.0,4
663584,Hayden Senger,new york mets,3,1,0,0,0,1,1,0,0,2,0,0,0,4,0.3333333333333333,0.3333333333333333,0.3333333333333333,0.6666666666666666,2
663609,Luken Baker,arizona diamondbacks,5,1,0,0,0,1,0,0,0,3,0,0,0,5,0.2,0.2,0.2,0.4,1
664068,Scott Kingery,chicago cubs,4,1,0,0,0,1,0,0,0,0,0,0,0,4,0.25,0.25,0.25,0.5,1
666931,Jared Oliva,san francisco giants,7,1,0,0,0,1,0,0,0,1,0,0,0,7,0.14285714285714285,0.14285714285714285,0.14285714285714285,0.2857142857142857,1
673490,Ha-Seong Kim,atlanta braves,13,1,0,0,0,1,1,1,2,4,0,0,0,15,0.07692307692307693,0.2,0.07692307692307693,0.27692307692307694,3
676369,Nelson Velázquez,st. louis cardinals,5,1,0,0,0,1,0,0,0,1,0,0,0,5,0.2,0.2,0.2,0.4,1
682634,Kevin Alcántara,chicago cubs,2,1,0,0,0,1,0,0,1,0,0,0,0,3,0.5,0.6666666666666666,0.5,1.1666666666666665,1
686475,Tyler Tolbert,kansas city royals,5,1,0,0,0,1,1,0,0,1,0,0,0,5,0.2,0.2,0.2,0.4,2
686823,Will Brennan,san francisco giants,20,1,0,0,0,1,0,0,0,3,0,0,0,20,0.05,0.05,0.05,0.1,1
690022,Ryan Ritter,colorado rockies,7,1,0,0,0,1,1,0,0,3,0,0,0,7,0.14285714285714285,0.14285714285714285,0.14285714285714285,0.2857142857142857,2
690291,Jace Jung,detroit tigers,4,1,0,0,0,1,1,0,2,1,0,0,0,6,0.25,0.5,0.25,0.75,2
694378,Jacob Gonzalez,chicago white sox,7,1,0,0,0,1,0,0,0,4,0,0,0,7,0.14285714285714285,0.14285714285714285,0.14285714285714285,0.2857142857142857,1
695490,Edwin Arroyo,cincinnati reds,4,1,0,0,0,1,1,0,0,3,0,0,0,4,0.25,0.25,0.25,0.5,2
699625,Jimmy Crooks,st. louis cardinals,2,1,0,0,0,1,0,0,0,1,0,0,0,2,0.5,0.5,0.5,1.0,1
807727,Charles McAdoo,toronto blue jays,4,1,0,0,0,1,0,0,0,0,0,0,0,4,0.25,0.25,0.25,0.5,1
502054,Tommy Pham,new york mets,13,0,0,0,0,0,1,0,1,7,0,0,0,14,0.0,0.07142857142857142,0.0,0.07142857142857142,1
506702,Sandy León,atlanta braves,9,0,0,0,0,0,0,0,0,4,0,0,0,9,0.0,0.0,0.0,0.0,0
628451,Andy Ibáñez,new york mets,2,0,0,0,0,0,0,1,0,1,0,0,1,3,0.0,0.0,0.0,0.0,1
640492,José Azocar,atlanta braves,2,0,0,0,0,0,0,0,0,1,0,0,0,2,0.0,0.0,0.0,0.0,0
640492,José Azócar,atlanta braves,2,0,0,0,0,0,0,0,0,0,0,0,0,2,0.0,0.0,0.0,0.0,0
656413,Stuart Fairchild,cleveland guardians,3,0,0,0,0,0,0,0,0,3,0,0,0,3,0.0,0.0,0.0,0.0,0
660710,Rodolfo Durán,san diego padres,2,0,0,0,0,0,0,0,1,0,0,0,0,3,0.0,0.3333333333333333,0.0,0.3333333333333333,0
663611,Nick Madrigal,los angeles angels,5,0,0,0,0,0,0,0,0,0,0,0,0,5,0.0,0.0,0.0,0.0,0
663897,Luke Williams,atlanta braves,0,0,0,0,0,0,0,0,1,0,0,0,0,1,,1.0,,,0
664238,Dylan Moore,philadelphia phillies,12,0,0,0,0,0,1,0,3,6,1,0,0,15,0.0,0.2,0.0,0.2,1
666185,Dylan Carlson,chicago cubs,4,0,0,0,0,0,0,0,0,2,0,0,0,4,0.0,0.0,0.0,0.0,0
669208,Ryan Bliss,seattle mariners,2,0,0,0,0,0,0,0,0,2,0,0,0,2,0.0,0.0,0.0,0.0,0
669221,Sean Murphy,atlanta braves,3,0,0,0,0,0,0,0,0,2,0,0,0,3,0.0,0.0,0.0,0.0,0
669398,Gage Workman,detroit tigers,7,0,0,0,0,0,0,0,0,3,0,0,0,7,0.0,0.0,0.0,0.0,0
670032,Nicky Lopez,chicago cubs,4,0,0,0,0,0,1,0,0,2,0,0,0,4,0.0,0.0,0.0,0.0,1
670097,Zack Short,detroit tigers,7,0,0,0,0,0,0,0,1,3,0,0,0,8,0.0,0.125,0.0,0.125,0
671083,Buddy Kennedy,san francisco giants,1,0,0,0,0,0,0,0,0,0,0,0,0,1,0.0,0.0,0.0,0.0,0
671286,Johnathan Rodríguez,baltimore orioles,7,0,0,0,0,0,0,1,3,4,0,0,1,11,0.0,0.2727272727272727,0.0,0.2727272727272727,1
672275,Patrick Bailey,cleveland guardians,4,0,0,0,0,0,0,1,0,1,0,0,0,4,0.0,0.0,0.0,0.0,1
672642,Steward Berroa,philadelphia phillies,1,0,0,0,0,0,0,0,0,0,0,0,0,1,0.0,0.0,0.0,0.0,0
677060,Chad Stevens,colorado rockies,3,0,0,0,0,0,1,0,2,1,0,0,0,5,0.0,0.4,0.0,0.4,1
682674,Victor Bericoto,san francisco giants,1,0,0,0,0,0,0,0,0,0,0,0,0,1,0.0,0.0,0.0,0.0,0
682987,Spencer Jones,new york yankees,3,0,0,0,0,0,0,0,0,2,0,0,0,3,0.0,0.0,0.0,0.0,0
685133,Wade Meckler,los angeles angels,5,0,0,0,0,0,0,0,0,0,1,0,0,5,0.0,0.0,0.0,0.0,0
686554,Oliver Dunn,tampa bay rays,4,0,0,0,0,0,0,0,0,0,0,0,0,4,0.0,0.0,0.0,0.0,0
690984,Petey Halpin,cleveland guardians,6,0,0,0,0,0,0,0,0,1,0,0,0,6,0.0,0.0,0.0,0.0,0
691620,Jeferson Quero,milwaukee brewers,1,0,0,0,0,0,0,0,1,0,0,0,0,2,0.0,0.5,0.0,0.5,0
693409,César Prieto,st. louis cardinals,6,0,0,0,0,0,0,0,0,0,0,0,0,6,0.0,0.0,0.0,0.0,0
695391,Brett Harris,athletics,3,0,0,0,0,0,0,0,1,2,0,1,0,5,0.0,0.4,0.0,0.4,0
699013,Esmerlyn Valdez,pittsburgh pirates,4,0,0,0,0,0,0,0,0,2,0,0,0,4,0.0,0.0,0.0,0.0,0
702616,Jackson Holliday,baltimore orioles,8,0,0,0,0,0,0,0,1,5,0,0,0,9,0.0,0.1111111111111111,0.0,0.1111111111111111,0
703492,Nick Morabito,new york mets,4,0,0,0,0,0,0,0,0,3,0,1,0,5,0.0,0.2,0.0,0.2,0
